Copyright 1986-2020 Xilinx, Inc. All Rights Reserved.
--------------------------------------------------------------------------------------------------------------------------------------------------------------------------------------------------
| Tool Version : Vivado v.2020.2 (win64) Build 3064766 Wed Nov 18 09:12:45 MST 2020
| Date         : Mon Mar 30 11:03:51 2026
| Host         : DESKTOP-7CFQ9ND running 64-bit major release  (build 9200)
| Command      : report_timing_summary -max_paths 10 -file RV32I_MCU_timing_summary_routed.rpt -pb RV32I_MCU_timing_summary_routed.pb -rpx RV32I_MCU_timing_summary_routed.rpx -warn_on_violation
| Design       : RV32I_MCU
| Device       : 7a35t-cpg236
| Speed File   : -1  PRODUCTION 1.23 2018-06-13
--------------------------------------------------------------------------------------------------------------------------------------------------------------------------------------------------

Timing Summary Report

------------------------------------------------------------------------------------------------
| Timer Settings
| --------------
------------------------------------------------------------------------------------------------

  Enable Multi Corner Analysis               :  Yes
  Enable Pessimism Removal                   :  Yes
  Pessimism Removal Resolution               :  Nearest Common Node
  Enable Input Delay Default Clock           :  No
  Enable Preset / Clear Arcs                 :  No
  Disable Flight Delays                      :  No
  Ignore I/O Paths                           :  No
  Timing Early Launch at Borrowing Latches   :  No
  Borrow Time for Max Delay Exceptions       :  Yes
  Merge Timing Exceptions                    :  Yes

  Corner  Analyze    Analyze    
  Name    Max Paths  Min Paths  
  ------  ---------  ---------  
  Slow    Yes        Yes        
  Fast    Yes        Yes        



check_timing report

Table of Contents
-----------------
1. checking no_clock (0)
2. checking constant_clock (0)
3. checking pulse_width_clock (0)
4. checking unconstrained_internal_endpoints (0)
5. checking no_input_delay (18)
6. checking no_output_delay (36)
7. checking multiple_clock (0)
8. checking generated_clocks (0)
9. checking loops (0)
10. checking partial_input_delay (0)
11. checking partial_output_delay (0)
12. checking latch_loops (0)

1. checking no_clock (0)
------------------------
 There are 0 register/latch pins with no clock.


2. checking constant_clock (0)
------------------------------
 There are 0 register/latch pins with constant_clock.


3. checking pulse_width_clock (0)
---------------------------------
 There are 0 register/latch pins which need pulse_width check


4. checking unconstrained_internal_endpoints (0)
------------------------------------------------
 There are 0 pins that are not constrained for maximum delay.

 There are 0 pins that are not constrained for maximum delay due to constant clock.


5. checking no_input_delay (18)
-------------------------------
 There are 18 input ports with no input delay specified. (HIGH)

 There are 0 input ports with no input delay but user has a false path constraint.


6. checking no_output_delay (36)
--------------------------------
 There are 36 ports with no output delay specified. (HIGH)

 There are 0 ports with no output delay but user has a false path constraint

 There are 0 ports with no output delay but with a timing clock defined on it or propagating through it


7. checking multiple_clock (0)
------------------------------
 There are 0 register/latch pins with multiple clocks.


8. checking generated_clocks (0)
--------------------------------
 There are 0 generated clocks that are not connected to a clock source.


9. checking loops (0)
---------------------
 There are 0 combinational loops in the design.


10. checking partial_input_delay (0)
------------------------------------
 There are 0 input ports with partial input delay specified.


11. checking partial_output_delay (0)
-------------------------------------
 There are 0 ports with partial output delay specified.


12. checking latch_loops (0)
----------------------------
 There are 0 combinational latch loops in the design through latch input



------------------------------------------------------------------------------------------------
| Design Timing Summary
| ---------------------
------------------------------------------------------------------------------------------------

    WNS(ns)      TNS(ns)  TNS Failing Endpoints  TNS Total Endpoints      WHS(ns)      THS(ns)  THS Failing Endpoints  THS Total Endpoints     WPWS(ns)     TPWS(ns)  TPWS Failing Endpoints  TPWS Total Endpoints  
    -------      -------  ---------------------  -------------------      -------      -------  ---------------------  -------------------     --------     --------  ----------------------  --------------------  
      0.193        0.000                      0                 8192        0.103        0.000                      0                 8192        3.750        0.000                       0                  2262  


All user specified timing constraints are met.


------------------------------------------------------------------------------------------------
| Clock Summary
| -------------
------------------------------------------------------------------------------------------------

Clock        Waveform(ns)       Period(ns)      Frequency(MHz)
-----        ------------       ----------      --------------
sys_clk_pin  {0.000 5.000}      10.000          100.000         


------------------------------------------------------------------------------------------------
| Intra Clock Table
| -----------------
------------------------------------------------------------------------------------------------

Clock             WNS(ns)      TNS(ns)  TNS Failing Endpoints  TNS Total Endpoints      WHS(ns)      THS(ns)  THS Failing Endpoints  THS Total Endpoints     WPWS(ns)     TPWS(ns)  TPWS Failing Endpoints  TPWS Total Endpoints  
-----             -------      -------  ---------------------  -------------------      -------      -------  ---------------------  -------------------     --------     --------  ----------------------  --------------------  
sys_clk_pin         0.193        0.000                      0                 8192        0.103        0.000                      0                 8192        3.750        0.000                       0                  2262  


------------------------------------------------------------------------------------------------
| Inter Clock Table
| -----------------
------------------------------------------------------------------------------------------------

From Clock    To Clock          WNS(ns)      TNS(ns)  TNS Failing Endpoints  TNS Total Endpoints      WHS(ns)      THS(ns)  THS Failing Endpoints  THS Total Endpoints  
----------    --------          -------      -------  ---------------------  -------------------      -------      -------  ---------------------  -------------------  


------------------------------------------------------------------------------------------------
| Other Path Groups Table
| -----------------------
------------------------------------------------------------------------------------------------

Path Group    From Clock    To Clock          WNS(ns)      TNS(ns)  TNS Failing Endpoints  TNS Total Endpoints      WHS(ns)      THS(ns)  THS Failing Endpoints  THS Total Endpoints  
----------    ----------    --------          -------      -------  ---------------------  -------------------      -------      -------  ---------------------  -------------------  


------------------------------------------------------------------------------------------------
| Timing Details
| --------------
------------------------------------------------------------------------------------------------


---------------------------------------------------------------------------------------------------
From Clock:  sys_clk_pin
  To Clock:  sys_clk_pin

Setup :            0  Failing Endpoints,  Worst Slack        0.193ns,  Total Violation        0.000ns
Hold  :            0  Failing Endpoints,  Worst Slack        0.103ns,  Total Violation        0.000ns
PW    :            0  Failing Endpoints,  Worst Slack        3.750ns,  Total Violation        0.000ns
---------------------------------------------------------------------------------------------------


Max Delay Paths
--------------------------------------------------------------------------------------
Slack (MET) :             0.193ns  (required time - arrival time)
  Source:                 U_RV32I_CPU/U_DATAPATH/U_PC/U_PC_EN_REG/register_reg[6]/C
                            (rising edge-triggered cell FDCE clocked by sys_clk_pin  {rise@0.000ns fall@5.000ns period=10.000ns})
  Destination:            U_RV32I_CPU/U_DATAPATH/U_EXE_ALU_RESULT/register_reg[29]/D
                            (rising edge-triggered cell FDCE clocked by sys_clk_pin  {rise@0.000ns fall@5.000ns period=10.000ns})
  Path Group:             sys_clk_pin
  Path Type:              Setup (Max at Slow Process Corner)
  Requirement:            10.000ns  (sys_clk_pin rise@10.000ns - sys_clk_pin rise@0.000ns)
  Data Path Delay:        9.786ns  (logic 2.239ns (22.879%)  route 7.547ns (77.121%))
  Logic Levels:           9  (LUT2=1 LUT3=1 LUT4=1 LUT5=1 LUT6=5)
  Clock Path Skew:        -0.014ns (DCD - SCD + CPR)
    Destination Clock Delay (DCD):    4.780ns = ( 14.780 - 10.000 ) 
    Source Clock Delay      (SCD):    5.069ns
    Clock Pessimism Removal (CPR):    0.275ns
  Clock Uncertainty:      0.035ns  ((TSJ^2 + TIJ^2)^1/2 + DJ) / 2 + PE
    Total System Jitter     (TSJ):    0.071ns
    Total Input Jitter      (TIJ):    0.000ns
    Discrete Jitter          (DJ):    0.000ns
    Phase Error              (PE):    0.000ns

    Location             Delay type                Incr(ns)  Path(ns)    Netlist Resource(s)
  -------------------------------------------------------------------    -------------------
                         (clock sys_clk_pin rise edge)
                                                      0.000     0.000 r  
    W5                                                0.000     0.000 r  clk (IN)
                         net (fo=0)                   0.000     0.000    clk
    W5                   IBUF (Prop_ibuf_I_O)         1.458     1.458 r  clk_IBUF_inst/O
                         net (fo=1, routed)           1.967     3.425    clk_IBUF
    BUFGCTRL_X0Y0        BUFG (Prop_bufg_I_O)         0.096     3.521 r  clk_IBUF_BUFG_inst/O
                         net (fo=2261, routed)        1.548     5.069    U_RV32I_CPU/U_DATAPATH/U_PC/U_PC_EN_REG/clk_IBUF_BUFG
    SLICE_X32Y27         FDCE                                         r  U_RV32I_CPU/U_DATAPATH/U_PC/U_PC_EN_REG/register_reg[6]/C
  -------------------------------------------------------------------    -------------------
    SLICE_X32Y27         FDCE (Prop_fdce_C_Q)         0.456     5.525 f  U_RV32I_CPU/U_DATAPATH/U_PC/U_PC_EN_REG/register_reg[6]/Q
                         net (fo=91, routed)          1.502     7.027    U_INST_MEM/Q[4]
    SLICE_X34Y24         LUT5 (Prop_lut5_I3_O)        0.153     7.180 r  U_INST_MEM/register[31]_i_12__0/O
                         net (fo=2, routed)           0.708     7.888    U_INST_MEM/register[31]_i_12__0_n_0
    SLICE_X34Y24         LUT6 (Prop_lut6_I0_O)        0.331     8.219 r  U_INST_MEM/register[14]_i_2/O
                         net (fo=4, routed)           0.856     9.075    U_RV32I_CPU/U_DATAPATH/U_PC/U_PC_EN_REG/instr_data[13]
    SLICE_X29Y25         LUT3 (Prop_lut3_I2_O)        0.150     9.225 r  U_RV32I_CPU/U_DATAPATH/U_PC/U_PC_EN_REG/register[31]_i_35__0/O
                         net (fo=1, routed)           0.433     9.658    U_RV32I_CPU/U_DATAPATH/U_PC/U_PC_EN_REG/register[31]_i_35__0_n_0
    SLICE_X29Y25         LUT6 (Prop_lut6_I5_O)        0.326     9.984 f  U_RV32I_CPU/U_DATAPATH/U_PC/U_PC_EN_REG/register[31]_i_23/O
                         net (fo=2, routed)           0.653    10.637    U_RV32I_CPU/U_CONTROL_UNIT/register[1]_i_5
    SLICE_X28Y26         LUT2 (Prop_lut2_I1_O)        0.124    10.761 r  U_RV32I_CPU/U_CONTROL_UNIT/register[31]_i_8__2/O
                         net (fo=105, routed)         0.874    11.635    U_RV32I_CPU/U_DATAPATH/U_DEC_REG_RS2/register[1]_i_7__1
    SLICE_X33Y24         LUT4 (Prop_lut4_I0_O)        0.119    11.754 r  U_RV32I_CPU/U_DATAPATH/U_DEC_REG_RS2/register[31]_i_15/O
                         net (fo=51, routed)          1.572    13.326    U_RV32I_CPU/U_DATAPATH/U_DEC_REG_RS2/register_reg[0]_1
    SLICE_X34Y35         LUT6 (Prop_lut6_I0_O)        0.332    13.658 f  U_RV32I_CPU/U_DATAPATH/U_DEC_REG_RS2/register[29]_i_6/O
                         net (fo=1, routed)           0.496    14.154    U_RV32I_CPU/U_DATAPATH/U_DEC_IMM_EXT/register_reg[29]_4
    SLICE_X34Y35         LUT6 (Prop_lut6_I4_O)        0.124    14.278 f  U_RV32I_CPU/U_DATAPATH/U_DEC_IMM_EXT/register[29]_i_2/O
                         net (fo=1, routed)           0.453    14.732    U_RV32I_CPU/U_DATAPATH/U_PC/U_PC_EN_REG/register_reg[29]_1
    SLICE_X32Y34         LUT6 (Prop_lut6_I0_O)        0.124    14.856 r  U_RV32I_CPU/U_DATAPATH/U_PC/U_PC_EN_REG/register[29]_i_1/O
                         net (fo=1, routed)           0.000    14.856    U_RV32I_CPU/U_DATAPATH/U_EXE_ALU_RESULT/D[29]
    SLICE_X32Y34         FDCE                                         r  U_RV32I_CPU/U_DATAPATH/U_EXE_ALU_RESULT/register_reg[29]/D
  -------------------------------------------------------------------    -------------------

                         (clock sys_clk_pin rise edge)
                                                     10.000    10.000 r  
    W5                                                0.000    10.000 r  clk (IN)
                         net (fo=0)                   0.000    10.000    clk
    W5                   IBUF (Prop_ibuf_I_O)         1.388    11.388 r  clk_IBUF_inst/O
                         net (fo=1, routed)           1.862    13.250    clk_IBUF
    BUFGCTRL_X0Y0        BUFG (Prop_bufg_I_O)         0.091    13.341 r  clk_IBUF_BUFG_inst/O
                         net (fo=2261, routed)        1.439    14.780    U_RV32I_CPU/U_DATAPATH/U_EXE_ALU_RESULT/clk_IBUF_BUFG
    SLICE_X32Y34         FDCE                                         r  U_RV32I_CPU/U_DATAPATH/U_EXE_ALU_RESULT/register_reg[29]/C
                         clock pessimism              0.275    15.055    
                         clock uncertainty           -0.035    15.020    
    SLICE_X32Y34         FDCE (Setup_fdce_C_D)        0.029    15.049    U_RV32I_CPU/U_DATAPATH/U_EXE_ALU_RESULT/register_reg[29]
  -------------------------------------------------------------------
                         required time                         15.049    
                         arrival time                         -14.856    
  -------------------------------------------------------------------
                         slack                                  0.193    

Slack (MET) :             0.278ns  (required time - arrival time)
  Source:                 U_RV32I_CPU/U_DATAPATH/U_PC/U_PC_EN_REG/register_reg[3]/C
                            (rising edge-triggered cell FDCE clocked by sys_clk_pin  {rise@0.000ns fall@5.000ns period=10.000ns})
  Destination:            U_RV32I_CPU/U_DATAPATH/U_PC/U_exe_pc/register_reg[30]/D
                            (rising edge-triggered cell FDCE clocked by sys_clk_pin  {rise@0.000ns fall@5.000ns period=10.000ns})
  Path Group:             sys_clk_pin
  Path Type:              Setup (Max at Slow Process Corner)
  Requirement:            10.000ns  (sys_clk_pin rise@10.000ns - sys_clk_pin rise@0.000ns)
  Data Path Delay:        9.667ns  (logic 2.949ns (30.504%)  route 6.718ns (69.496%))
  Logic Levels:           14  (CARRY4=5 LUT3=2 LUT5=1 LUT6=6)
  Clock Path Skew:        -0.100ns (DCD - SCD + CPR)
    Destination Clock Delay (DCD):    4.781ns = ( 14.781 - 10.000 ) 
    Source Clock Delay      (SCD):    5.069ns
    Clock Pessimism Removal (CPR):    0.188ns
  Clock Uncertainty:      0.035ns  ((TSJ^2 + TIJ^2)^1/2 + DJ) / 2 + PE
    Total System Jitter     (TSJ):    0.071ns
    Total Input Jitter      (TIJ):    0.000ns
    Discrete Jitter          (DJ):    0.000ns
    Phase Error              (PE):    0.000ns

    Location             Delay type                Incr(ns)  Path(ns)    Netlist Resource(s)
  -------------------------------------------------------------------    -------------------
                         (clock sys_clk_pin rise edge)
                                                      0.000     0.000 r  
    W5                                                0.000     0.000 r  clk (IN)
                         net (fo=0)                   0.000     0.000    clk
    W5                   IBUF (Prop_ibuf_I_O)         1.458     1.458 r  clk_IBUF_inst/O
                         net (fo=1, routed)           1.967     3.425    clk_IBUF
    BUFGCTRL_X0Y0        BUFG (Prop_bufg_I_O)         0.096     3.521 r  clk_IBUF_BUFG_inst/O
                         net (fo=2261, routed)        1.548     5.069    U_RV32I_CPU/U_DATAPATH/U_PC/U_PC_EN_REG/clk_IBUF_BUFG
    SLICE_X33Y27         FDCE                                         r  U_RV32I_CPU/U_DATAPATH/U_PC/U_PC_EN_REG/register_reg[3]/C
  -------------------------------------------------------------------    -------------------
    SLICE_X33Y27         FDCE (Prop_fdce_C_Q)         0.456     5.525 r  U_RV32I_CPU/U_DATAPATH/U_PC/U_PC_EN_REG/register_reg[3]/Q
                         net (fo=87, routed)          1.243     6.768    U_INST_MEM/Q[1]
    SLICE_X32Y25         LUT6 (Prop_lut6_I1_O)        0.124     6.892 r  U_INST_MEM/FSM_sequential_current_state[2]_i_11/O
                         net (fo=1, routed)           0.670     7.563    U_INST_MEM/FSM_sequential_current_state[2]_i_11_n_0
    SLICE_X32Y25         LUT5 (Prop_lut5_I0_O)        0.124     7.687 r  U_INST_MEM/FSM_sequential_current_state[2]_i_7/O
                         net (fo=16, routed)          0.906     8.592    U_RV32I_CPU/U_DATAPATH/U_PC/U_PC_EN_REG/instr_data[3]
    SLICE_X31Y23         LUT6 (Prop_lut6_I5_O)        0.124     8.716 r  U_RV32I_CPU/U_DATAPATH/U_PC/U_PC_EN_REG/alu_result0_carry_i_8/O
                         net (fo=114, routed)         0.674     9.391    U_RV32I_CPU/U_DATAPATH/U_DEC_IMM_EXT/register[31]_i_39__0
    SLICE_X33Y23         LUT3 (Prop_lut3_I1_O)        0.153     9.544 r  U_RV32I_CPU/U_DATAPATH/U_DEC_IMM_EXT/alu_result2_carry_i_11/O
                         net (fo=108, routed)         1.051    10.595    U_RV32I_CPU/U_DATAPATH/U_DEC_REG_RS1/w_alurs2_data[3]
    SLICE_X36Y26         LUT6 (Prop_lut6_I5_O)        0.327    10.922 r  U_RV32I_CPU/U_DATAPATH/U_DEC_REG_RS1/alu_result2_carry_i_2/O
                         net (fo=2, routed)           0.493    11.414    U_RV32I_CPU/U_DATAPATH/U_RF_ALU/DI[2]
    SLICE_X38Y28         CARRY4 (Prop_carry4_DI[2]_CO[3])
                                                      0.404    11.818 r  U_RV32I_CPU/U_DATAPATH/U_RF_ALU/alu_result2__15_carry/CO[3]
                         net (fo=1, routed)           0.000    11.818    U_RV32I_CPU/U_DATAPATH/U_RF_ALU/alu_result2__15_carry_n_0
    SLICE_X38Y29         CARRY4 (Prop_carry4_CI_CO[3])
                                                      0.117    11.935 r  U_RV32I_CPU/U_DATAPATH/U_RF_ALU/alu_result2__15_carry__0/CO[3]
                         net (fo=1, routed)           0.000    11.935    U_RV32I_CPU/U_DATAPATH/U_RF_ALU/alu_result2__15_carry__0_n_0
    SLICE_X38Y30         CARRY4 (Prop_carry4_CI_CO[3])
                                                      0.117    12.052 r  U_RV32I_CPU/U_DATAPATH/U_RF_ALU/alu_result2__15_carry__1/CO[3]
                         net (fo=1, routed)           0.000    12.052    U_RV32I_CPU/U_DATAPATH/U_RF_ALU/alu_result2__15_carry__1_n_0
    SLICE_X38Y31         CARRY4 (Prop_carry4_CI_CO[3])
                                                      0.117    12.169 r  U_RV32I_CPU/U_DATAPATH/U_RF_ALU/alu_result2__15_carry__2/CO[3]
                         net (fo=1, routed)           0.000    12.169    U_RV32I_CPU/U_DATAPATH/U_RF_ALU/data4
    SLICE_X38Y32         CARRY4 (Prop_carry4_CI_O[0])
                                                      0.219    12.388 r  U_RV32I_CPU/U_DATAPATH/U_RF_ALU/alu_result2__15_carry__3/O[0]
                         net (fo=2, routed)           0.314    12.703    U_RV32I_CPU/U_DATAPATH/U_PC/U_PC_EN_REG/O[0]
    SLICE_X39Y31         LUT6 (Prop_lut6_I2_O)        0.295    12.998 r  U_RV32I_CPU/U_DATAPATH/U_PC/U_PC_EN_REG/register[31]_i_5/O
                         net (fo=1, routed)           0.304    13.302    U_RV32I_CPU/U_DATAPATH/U_PC/U_PC_EN_REG/register[31]_i_5_n_0
    SLICE_X41Y31         LUT6 (Prop_lut6_I1_O)        0.124    13.426 f  U_RV32I_CPU/U_DATAPATH/U_PC/U_PC_EN_REG/register[31]_i_3/O
                         net (fo=1, routed)           0.263    13.689    U_RV32I_CPU/U_CONTROL_UNIT/register_reg[0]_0
    SLICE_X41Y31         LUT6 (Prop_lut6_I5_O)        0.124    13.813 r  U_RV32I_CPU/U_CONTROL_UNIT/register[31]_i_2__0/O
                         net (fo=32, routed)          0.800    14.613    U_RV32I_CPU/U_DATAPATH/U_PC/U_PC_EN_REG/register_reg[0]_6
    SLICE_X42Y33         LUT3 (Prop_lut3_I1_O)        0.124    14.737 r  U_RV32I_CPU/U_DATAPATH/U_PC/U_PC_EN_REG/register[30]_i_1__0/O
                         net (fo=1, routed)           0.000    14.737    U_RV32I_CPU/U_DATAPATH/U_PC/U_exe_pc/D[30]
    SLICE_X42Y33         FDCE                                         r  U_RV32I_CPU/U_DATAPATH/U_PC/U_exe_pc/register_reg[30]/D
  -------------------------------------------------------------------    -------------------

                         (clock sys_clk_pin rise edge)
                                                     10.000    10.000 r  
    W5                                                0.000    10.000 r  clk (IN)
                         net (fo=0)                   0.000    10.000    clk
    W5                   IBUF (Prop_ibuf_I_O)         1.388    11.388 r  clk_IBUF_inst/O
                         net (fo=1, routed)           1.862    13.250    clk_IBUF
    BUFGCTRL_X0Y0        BUFG (Prop_bufg_I_O)         0.091    13.341 r  clk_IBUF_BUFG_inst/O
                         net (fo=2261, routed)        1.440    14.781    U_RV32I_CPU/U_DATAPATH/U_PC/U_exe_pc/clk_IBUF_BUFG
    SLICE_X42Y33         FDCE                                         r  U_RV32I_CPU/U_DATAPATH/U_PC/U_exe_pc/register_reg[30]/C
                         clock pessimism              0.188    14.969    
                         clock uncertainty           -0.035    14.934    
    SLICE_X42Y33         FDCE (Setup_fdce_C_D)        0.081    15.015    U_RV32I_CPU/U_DATAPATH/U_PC/U_exe_pc/register_reg[30]
  -------------------------------------------------------------------
                         required time                         15.015    
                         arrival time                         -14.737    
  -------------------------------------------------------------------
                         slack                                  0.278    

Slack (MET) :             0.289ns  (required time - arrival time)
  Source:                 U_RV32I_CPU/U_DATAPATH/U_PC/U_PC_EN_REG/register_reg[3]/C
                            (rising edge-triggered cell FDCE clocked by sys_clk_pin  {rise@0.000ns fall@5.000ns period=10.000ns})
  Destination:            U_RV32I_CPU/U_DATAPATH/U_PC/U_exe_pc/register_reg[31]/D
                            (rising edge-triggered cell FDCE clocked by sys_clk_pin  {rise@0.000ns fall@5.000ns period=10.000ns})
  Path Group:             sys_clk_pin
  Path Type:              Setup (Max at Slow Process Corner)
  Requirement:            10.000ns  (sys_clk_pin rise@10.000ns - sys_clk_pin rise@0.000ns)
  Data Path Delay:        9.693ns  (logic 2.975ns (30.691%)  route 6.718ns (69.309%))
  Logic Levels:           14  (CARRY4=5 LUT3=2 LUT5=1 LUT6=6)
  Clock Path Skew:        -0.100ns (DCD - SCD + CPR)
    Destination Clock Delay (DCD):    4.781ns = ( 14.781 - 10.000 ) 
    Source Clock Delay      (SCD):    5.069ns
    Clock Pessimism Removal (CPR):    0.188ns
  Clock Uncertainty:      0.035ns  ((TSJ^2 + TIJ^2)^1/2 + DJ) / 2 + PE
    Total System Jitter     (TSJ):    0.071ns
    Total Input Jitter      (TIJ):    0.000ns
    Discrete Jitter          (DJ):    0.000ns
    Phase Error              (PE):    0.000ns

    Location             Delay type                Incr(ns)  Path(ns)    Netlist Resource(s)
  -------------------------------------------------------------------    -------------------
                         (clock sys_clk_pin rise edge)
                                                      0.000     0.000 r  
    W5                                                0.000     0.000 r  clk (IN)
                         net (fo=0)                   0.000     0.000    clk
    W5                   IBUF (Prop_ibuf_I_O)         1.458     1.458 r  clk_IBUF_inst/O
                         net (fo=1, routed)           1.967     3.425    clk_IBUF
    BUFGCTRL_X0Y0        BUFG (Prop_bufg_I_O)         0.096     3.521 r  clk_IBUF_BUFG_inst/O
                         net (fo=2261, routed)        1.548     5.069    U_RV32I_CPU/U_DATAPATH/U_PC/U_PC_EN_REG/clk_IBUF_BUFG
    SLICE_X33Y27         FDCE                                         r  U_RV32I_CPU/U_DATAPATH/U_PC/U_PC_EN_REG/register_reg[3]/C
  -------------------------------------------------------------------    -------------------
    SLICE_X33Y27         FDCE (Prop_fdce_C_Q)         0.456     5.525 r  U_RV32I_CPU/U_DATAPATH/U_PC/U_PC_EN_REG/register_reg[3]/Q
                         net (fo=87, routed)          1.243     6.768    U_INST_MEM/Q[1]
    SLICE_X32Y25         LUT6 (Prop_lut6_I1_O)        0.124     6.892 r  U_INST_MEM/FSM_sequential_current_state[2]_i_11/O
                         net (fo=1, routed)           0.670     7.563    U_INST_MEM/FSM_sequential_current_state[2]_i_11_n_0
    SLICE_X32Y25         LUT5 (Prop_lut5_I0_O)        0.124     7.687 r  U_INST_MEM/FSM_sequential_current_state[2]_i_7/O
                         net (fo=16, routed)          0.906     8.592    U_RV32I_CPU/U_DATAPATH/U_PC/U_PC_EN_REG/instr_data[3]
    SLICE_X31Y23         LUT6 (Prop_lut6_I5_O)        0.124     8.716 r  U_RV32I_CPU/U_DATAPATH/U_PC/U_PC_EN_REG/alu_result0_carry_i_8/O
                         net (fo=114, routed)         0.674     9.391    U_RV32I_CPU/U_DATAPATH/U_DEC_IMM_EXT/register[31]_i_39__0
    SLICE_X33Y23         LUT3 (Prop_lut3_I1_O)        0.153     9.544 r  U_RV32I_CPU/U_DATAPATH/U_DEC_IMM_EXT/alu_result2_carry_i_11/O
                         net (fo=108, routed)         1.051    10.595    U_RV32I_CPU/U_DATAPATH/U_DEC_REG_RS1/w_alurs2_data[3]
    SLICE_X36Y26         LUT6 (Prop_lut6_I5_O)        0.327    10.922 r  U_RV32I_CPU/U_DATAPATH/U_DEC_REG_RS1/alu_result2_carry_i_2/O
                         net (fo=2, routed)           0.493    11.414    U_RV32I_CPU/U_DATAPATH/U_RF_ALU/DI[2]
    SLICE_X38Y28         CARRY4 (Prop_carry4_DI[2]_CO[3])
                                                      0.404    11.818 r  U_RV32I_CPU/U_DATAPATH/U_RF_ALU/alu_result2__15_carry/CO[3]
                         net (fo=1, routed)           0.000    11.818    U_RV32I_CPU/U_DATAPATH/U_RF_ALU/alu_result2__15_carry_n_0
    SLICE_X38Y29         CARRY4 (Prop_carry4_CI_CO[3])
                                                      0.117    11.935 r  U_RV32I_CPU/U_DATAPATH/U_RF_ALU/alu_result2__15_carry__0/CO[3]
                         net (fo=1, routed)           0.000    11.935    U_RV32I_CPU/U_DATAPATH/U_RF_ALU/alu_result2__15_carry__0_n_0
    SLICE_X38Y30         CARRY4 (Prop_carry4_CI_CO[3])
                                                      0.117    12.052 r  U_RV32I_CPU/U_DATAPATH/U_RF_ALU/alu_result2__15_carry__1/CO[3]
                         net (fo=1, routed)           0.000    12.052    U_RV32I_CPU/U_DATAPATH/U_RF_ALU/alu_result2__15_carry__1_n_0
    SLICE_X38Y31         CARRY4 (Prop_carry4_CI_CO[3])
                                                      0.117    12.169 r  U_RV32I_CPU/U_DATAPATH/U_RF_ALU/alu_result2__15_carry__2/CO[3]
                         net (fo=1, routed)           0.000    12.169    U_RV32I_CPU/U_DATAPATH/U_RF_ALU/data4
    SLICE_X38Y32         CARRY4 (Prop_carry4_CI_O[0])
                                                      0.219    12.388 r  U_RV32I_CPU/U_DATAPATH/U_RF_ALU/alu_result2__15_carry__3/O[0]
                         net (fo=2, routed)           0.314    12.703    U_RV32I_CPU/U_DATAPATH/U_PC/U_PC_EN_REG/O[0]
    SLICE_X39Y31         LUT6 (Prop_lut6_I2_O)        0.295    12.998 r  U_RV32I_CPU/U_DATAPATH/U_PC/U_PC_EN_REG/register[31]_i_5/O
                         net (fo=1, routed)           0.304    13.302    U_RV32I_CPU/U_DATAPATH/U_PC/U_PC_EN_REG/register[31]_i_5_n_0
    SLICE_X41Y31         LUT6 (Prop_lut6_I1_O)        0.124    13.426 f  U_RV32I_CPU/U_DATAPATH/U_PC/U_PC_EN_REG/register[31]_i_3/O
                         net (fo=1, routed)           0.263    13.689    U_RV32I_CPU/U_CONTROL_UNIT/register_reg[0]_0
    SLICE_X41Y31         LUT6 (Prop_lut6_I5_O)        0.124    13.813 r  U_RV32I_CPU/U_CONTROL_UNIT/register[31]_i_2__0/O
                         net (fo=32, routed)          0.800    14.613    U_RV32I_CPU/U_DATAPATH/U_PC/U_PC_EN_REG/register_reg[0]_6
    SLICE_X42Y33         LUT3 (Prop_lut3_I1_O)        0.150    14.763 r  U_RV32I_CPU/U_DATAPATH/U_PC/U_PC_EN_REG/register[31]_i_1__0/O
                         net (fo=1, routed)           0.000    14.763    U_RV32I_CPU/U_DATAPATH/U_PC/U_exe_pc/D[31]
    SLICE_X42Y33         FDCE                                         r  U_RV32I_CPU/U_DATAPATH/U_PC/U_exe_pc/register_reg[31]/D
  -------------------------------------------------------------------    -------------------

                         (clock sys_clk_pin rise edge)
                                                     10.000    10.000 r  
    W5                                                0.000    10.000 r  clk (IN)
                         net (fo=0)                   0.000    10.000    clk
    W5                   IBUF (Prop_ibuf_I_O)         1.388    11.388 r  clk_IBUF_inst/O
                         net (fo=1, routed)           1.862    13.250    clk_IBUF
    BUFGCTRL_X0Y0        BUFG (Prop_bufg_I_O)         0.091    13.341 r  clk_IBUF_BUFG_inst/O
                         net (fo=2261, routed)        1.440    14.781    U_RV32I_CPU/U_DATAPATH/U_PC/U_exe_pc/clk_IBUF_BUFG
    SLICE_X42Y33         FDCE                                         r  U_RV32I_CPU/U_DATAPATH/U_PC/U_exe_pc/register_reg[31]/C
                         clock pessimism              0.188    14.969    
                         clock uncertainty           -0.035    14.934    
    SLICE_X42Y33         FDCE (Setup_fdce_C_D)        0.118    15.052    U_RV32I_CPU/U_DATAPATH/U_PC/U_exe_pc/register_reg[31]
  -------------------------------------------------------------------
                         required time                         15.052    
                         arrival time                         -14.763    
  -------------------------------------------------------------------
                         slack                                  0.289    

Slack (MET) :             0.299ns  (required time - arrival time)
  Source:                 U_RV32I_CPU/U_DATAPATH/U_PC/U_PC_EN_REG/register_reg[6]/C
                            (rising edge-triggered cell FDCE clocked by sys_clk_pin  {rise@0.000ns fall@5.000ns period=10.000ns})
  Destination:            U_RV32I_CPU/U_DATAPATH/U_EXE_ALU_RESULT/register_reg[17]/D
                            (rising edge-triggered cell FDCE clocked by sys_clk_pin  {rise@0.000ns fall@5.000ns period=10.000ns})
  Path Group:             sys_clk_pin
  Path Type:              Setup (Max at Slow Process Corner)
  Requirement:            10.000ns  (sys_clk_pin rise@10.000ns - sys_clk_pin rise@0.000ns)
  Data Path Delay:        9.585ns  (logic 2.239ns (23.359%)  route 7.346ns (76.641%))
  Logic Levels:           9  (LUT2=1 LUT3=1 LUT4=1 LUT5=2 LUT6=4)
  Clock Path Skew:        -0.110ns (DCD - SCD + CPR)
    Destination Clock Delay (DCD):    4.771ns = ( 14.771 - 10.000 ) 
    Source Clock Delay      (SCD):    5.069ns
    Clock Pessimism Removal (CPR):    0.188ns
  Clock Uncertainty:      0.035ns  ((TSJ^2 + TIJ^2)^1/2 + DJ) / 2 + PE
    Total System Jitter     (TSJ):    0.071ns
    Total Input Jitter      (TIJ):    0.000ns
    Discrete Jitter          (DJ):    0.000ns
    Phase Error              (PE):    0.000ns

    Location             Delay type                Incr(ns)  Path(ns)    Netlist Resource(s)
  -------------------------------------------------------------------    -------------------
                         (clock sys_clk_pin rise edge)
                                                      0.000     0.000 r  
    W5                                                0.000     0.000 r  clk (IN)
                         net (fo=0)                   0.000     0.000    clk
    W5                   IBUF (Prop_ibuf_I_O)         1.458     1.458 r  clk_IBUF_inst/O
                         net (fo=1, routed)           1.967     3.425    clk_IBUF
    BUFGCTRL_X0Y0        BUFG (Prop_bufg_I_O)         0.096     3.521 r  clk_IBUF_BUFG_inst/O
                         net (fo=2261, routed)        1.548     5.069    U_RV32I_CPU/U_DATAPATH/U_PC/U_PC_EN_REG/clk_IBUF_BUFG
    SLICE_X32Y27         FDCE                                         r  U_RV32I_CPU/U_DATAPATH/U_PC/U_PC_EN_REG/register_reg[6]/C
  -------------------------------------------------------------------    -------------------
    SLICE_X32Y27         FDCE (Prop_fdce_C_Q)         0.456     5.525 f  U_RV32I_CPU/U_DATAPATH/U_PC/U_PC_EN_REG/register_reg[6]/Q
                         net (fo=91, routed)          1.502     7.027    U_INST_MEM/Q[4]
    SLICE_X34Y24         LUT5 (Prop_lut5_I3_O)        0.153     7.180 r  U_INST_MEM/register[31]_i_12__0/O
                         net (fo=2, routed)           0.708     7.888    U_INST_MEM/register[31]_i_12__0_n_0
    SLICE_X34Y24         LUT6 (Prop_lut6_I0_O)        0.331     8.219 r  U_INST_MEM/register[14]_i_2/O
                         net (fo=4, routed)           0.856     9.075    U_RV32I_CPU/U_DATAPATH/U_PC/U_PC_EN_REG/instr_data[13]
    SLICE_X29Y25         LUT3 (Prop_lut3_I2_O)        0.150     9.225 r  U_RV32I_CPU/U_DATAPATH/U_PC/U_PC_EN_REG/register[31]_i_35__0/O
                         net (fo=1, routed)           0.433     9.658    U_RV32I_CPU/U_DATAPATH/U_PC/U_PC_EN_REG/register[31]_i_35__0_n_0
    SLICE_X29Y25         LUT6 (Prop_lut6_I5_O)        0.326     9.984 f  U_RV32I_CPU/U_DATAPATH/U_PC/U_PC_EN_REG/register[31]_i_23/O
                         net (fo=2, routed)           0.653    10.637    U_RV32I_CPU/U_CONTROL_UNIT/register[1]_i_5
    SLICE_X28Y26         LUT2 (Prop_lut2_I1_O)        0.124    10.761 r  U_RV32I_CPU/U_CONTROL_UNIT/register[31]_i_8__2/O
                         net (fo=105, routed)         0.874    11.635    U_RV32I_CPU/U_DATAPATH/U_DEC_REG_RS2/register[1]_i_7__1
    SLICE_X33Y24         LUT4 (Prop_lut4_I0_O)        0.119    11.754 r  U_RV32I_CPU/U_DATAPATH/U_DEC_REG_RS2/register[31]_i_15/O
                         net (fo=51, routed)          1.385    13.139    U_RV32I_CPU/U_DATAPATH/U_DEC_REG_RS2/register_reg[0]_1
    SLICE_X31Y26         LUT6 (Prop_lut6_I0_O)        0.332    13.471 f  U_RV32I_CPU/U_DATAPATH/U_DEC_REG_RS2/register[17]_i_6/O
                         net (fo=1, routed)           0.641    14.112    U_RV32I_CPU/U_DATAPATH/U_DEC_REG_RS2/register[17]_i_6_n_0
    SLICE_X36Y26         LUT6 (Prop_lut6_I1_O)        0.124    14.236 f  U_RV32I_CPU/U_DATAPATH/U_DEC_REG_RS2/register[17]_i_2/O
                         net (fo=1, routed)           0.294    14.530    U_RV32I_CPU/U_DATAPATH/U_PC/U_PC_EN_REG/register_reg[17]_1
    SLICE_X37Y26         LUT5 (Prop_lut5_I0_O)        0.124    14.654 r  U_RV32I_CPU/U_DATAPATH/U_PC/U_PC_EN_REG/register[17]_i_1/O
                         net (fo=1, routed)           0.000    14.654    U_RV32I_CPU/U_DATAPATH/U_EXE_ALU_RESULT/D[17]
    SLICE_X37Y26         FDCE                                         r  U_RV32I_CPU/U_DATAPATH/U_EXE_ALU_RESULT/register_reg[17]/D
  -------------------------------------------------------------------    -------------------

                         (clock sys_clk_pin rise edge)
                                                     10.000    10.000 r  
    W5                                                0.000    10.000 r  clk (IN)
                         net (fo=0)                   0.000    10.000    clk
    W5                   IBUF (Prop_ibuf_I_O)         1.388    11.388 r  clk_IBUF_inst/O
                         net (fo=1, routed)           1.862    13.250    clk_IBUF
    BUFGCTRL_X0Y0        BUFG (Prop_bufg_I_O)         0.091    13.341 r  clk_IBUF_BUFG_inst/O
                         net (fo=2261, routed)        1.430    14.771    U_RV32I_CPU/U_DATAPATH/U_EXE_ALU_RESULT/clk_IBUF_BUFG
    SLICE_X37Y26         FDCE                                         r  U_RV32I_CPU/U_DATAPATH/U_EXE_ALU_RESULT/register_reg[17]/C
                         clock pessimism              0.188    14.959    
                         clock uncertainty           -0.035    14.924    
    SLICE_X37Y26         FDCE (Setup_fdce_C_D)        0.029    14.953    U_RV32I_CPU/U_DATAPATH/U_EXE_ALU_RESULT/register_reg[17]
  -------------------------------------------------------------------
                         required time                         14.953    
                         arrival time                         -14.654    
  -------------------------------------------------------------------
                         slack                                  0.299    

Slack (MET) :             0.304ns  (required time - arrival time)
  Source:                 U_RV32I_CPU/U_DATAPATH/U_PC/U_PC_EN_REG/register_reg[3]/C
                            (rising edge-triggered cell FDCE clocked by sys_clk_pin  {rise@0.000ns fall@5.000ns period=10.000ns})
  Destination:            U_RV32I_CPU/U_DATAPATH/U_PC/U_exe_pc/register_reg[27]/D
                            (rising edge-triggered cell FDCE clocked by sys_clk_pin  {rise@0.000ns fall@5.000ns period=10.000ns})
  Path Group:             sys_clk_pin
  Path Type:              Setup (Max at Slow Process Corner)
  Requirement:            10.000ns  (sys_clk_pin rise@10.000ns - sys_clk_pin rise@0.000ns)
  Data Path Delay:        9.637ns  (logic 2.949ns (30.600%)  route 6.688ns (69.400%))
  Logic Levels:           14  (CARRY4=5 LUT3=2 LUT5=1 LUT6=6)
  Clock Path Skew:        -0.100ns (DCD - SCD + CPR)
    Destination Clock Delay (DCD):    4.781ns = ( 14.781 - 10.000 ) 
    Source Clock Delay      (SCD):    5.069ns
    Clock Pessimism Removal (CPR):    0.188ns
  Clock Uncertainty:      0.035ns  ((TSJ^2 + TIJ^2)^1/2 + DJ) / 2 + PE
    Total System Jitter     (TSJ):    0.071ns
    Total Input Jitter      (TIJ):    0.000ns
    Discrete Jitter          (DJ):    0.000ns
    Phase Error              (PE):    0.000ns

    Location             Delay type                Incr(ns)  Path(ns)    Netlist Resource(s)
  -------------------------------------------------------------------    -------------------
                         (clock sys_clk_pin rise edge)
                                                      0.000     0.000 r  
    W5                                                0.000     0.000 r  clk (IN)
                         net (fo=0)                   0.000     0.000    clk
    W5                   IBUF (Prop_ibuf_I_O)         1.458     1.458 r  clk_IBUF_inst/O
                         net (fo=1, routed)           1.967     3.425    clk_IBUF
    BUFGCTRL_X0Y0        BUFG (Prop_bufg_I_O)         0.096     3.521 r  clk_IBUF_BUFG_inst/O
                         net (fo=2261, routed)        1.548     5.069    U_RV32I_CPU/U_DATAPATH/U_PC/U_PC_EN_REG/clk_IBUF_BUFG
    SLICE_X33Y27         FDCE                                         r  U_RV32I_CPU/U_DATAPATH/U_PC/U_PC_EN_REG/register_reg[3]/C
  -------------------------------------------------------------------    -------------------
    SLICE_X33Y27         FDCE (Prop_fdce_C_Q)         0.456     5.525 r  U_RV32I_CPU/U_DATAPATH/U_PC/U_PC_EN_REG/register_reg[3]/Q
                         net (fo=87, routed)          1.243     6.768    U_INST_MEM/Q[1]
    SLICE_X32Y25         LUT6 (Prop_lut6_I1_O)        0.124     6.892 r  U_INST_MEM/FSM_sequential_current_state[2]_i_11/O
                         net (fo=1, routed)           0.670     7.563    U_INST_MEM/FSM_sequential_current_state[2]_i_11_n_0
    SLICE_X32Y25         LUT5 (Prop_lut5_I0_O)        0.124     7.687 r  U_INST_MEM/FSM_sequential_current_state[2]_i_7/O
                         net (fo=16, routed)          0.906     8.592    U_RV32I_CPU/U_DATAPATH/U_PC/U_PC_EN_REG/instr_data[3]
    SLICE_X31Y23         LUT6 (Prop_lut6_I5_O)        0.124     8.716 r  U_RV32I_CPU/U_DATAPATH/U_PC/U_PC_EN_REG/alu_result0_carry_i_8/O
                         net (fo=114, routed)         0.674     9.391    U_RV32I_CPU/U_DATAPATH/U_DEC_IMM_EXT/register[31]_i_39__0
    SLICE_X33Y23         LUT3 (Prop_lut3_I1_O)        0.153     9.544 r  U_RV32I_CPU/U_DATAPATH/U_DEC_IMM_EXT/alu_result2_carry_i_11/O
                         net (fo=108, routed)         1.051    10.595    U_RV32I_CPU/U_DATAPATH/U_DEC_REG_RS1/w_alurs2_data[3]
    SLICE_X36Y26         LUT6 (Prop_lut6_I5_O)        0.327    10.922 r  U_RV32I_CPU/U_DATAPATH/U_DEC_REG_RS1/alu_result2_carry_i_2/O
                         net (fo=2, routed)           0.493    11.414    U_RV32I_CPU/U_DATAPATH/U_RF_ALU/DI[2]
    SLICE_X38Y28         CARRY4 (Prop_carry4_DI[2]_CO[3])
                                                      0.404    11.818 r  U_RV32I_CPU/U_DATAPATH/U_RF_ALU/alu_result2__15_carry/CO[3]
                         net (fo=1, routed)           0.000    11.818    U_RV32I_CPU/U_DATAPATH/U_RF_ALU/alu_result2__15_carry_n_0
    SLICE_X38Y29         CARRY4 (Prop_carry4_CI_CO[3])
                                                      0.117    11.935 r  U_RV32I_CPU/U_DATAPATH/U_RF_ALU/alu_result2__15_carry__0/CO[3]
                         net (fo=1, routed)           0.000    11.935    U_RV32I_CPU/U_DATAPATH/U_RF_ALU/alu_result2__15_carry__0_n_0
    SLICE_X38Y30         CARRY4 (Prop_carry4_CI_CO[3])
                                                      0.117    12.052 r  U_RV32I_CPU/U_DATAPATH/U_RF_ALU/alu_result2__15_carry__1/CO[3]
                         net (fo=1, routed)           0.000    12.052    U_RV32I_CPU/U_DATAPATH/U_RF_ALU/alu_result2__15_carry__1_n_0
    SLICE_X38Y31         CARRY4 (Prop_carry4_CI_CO[3])
                                                      0.117    12.169 r  U_RV32I_CPU/U_DATAPATH/U_RF_ALU/alu_result2__15_carry__2/CO[3]
                         net (fo=1, routed)           0.000    12.169    U_RV32I_CPU/U_DATAPATH/U_RF_ALU/data4
    SLICE_X38Y32         CARRY4 (Prop_carry4_CI_O[0])
                                                      0.219    12.388 r  U_RV32I_CPU/U_DATAPATH/U_RF_ALU/alu_result2__15_carry__3/O[0]
                         net (fo=2, routed)           0.314    12.703    U_RV32I_CPU/U_DATAPATH/U_PC/U_PC_EN_REG/O[0]
    SLICE_X39Y31         LUT6 (Prop_lut6_I2_O)        0.295    12.998 r  U_RV32I_CPU/U_DATAPATH/U_PC/U_PC_EN_REG/register[31]_i_5/O
                         net (fo=1, routed)           0.304    13.302    U_RV32I_CPU/U_DATAPATH/U_PC/U_PC_EN_REG/register[31]_i_5_n_0
    SLICE_X41Y31         LUT6 (Prop_lut6_I1_O)        0.124    13.426 f  U_RV32I_CPU/U_DATAPATH/U_PC/U_PC_EN_REG/register[31]_i_3/O
                         net (fo=1, routed)           0.263    13.689    U_RV32I_CPU/U_CONTROL_UNIT/register_reg[0]_0
    SLICE_X41Y31         LUT6 (Prop_lut6_I5_O)        0.124    13.813 r  U_RV32I_CPU/U_CONTROL_UNIT/register[31]_i_2__0/O
                         net (fo=32, routed)          0.770    14.582    U_RV32I_CPU/U_DATAPATH/U_PC/U_4_ALU/register_reg[1]
    SLICE_X42Y33         LUT3 (Prop_lut3_I1_O)        0.124    14.706 r  U_RV32I_CPU/U_DATAPATH/U_PC/U_4_ALU/register[27]_i_1__0/O
                         net (fo=1, routed)           0.000    14.706    U_RV32I_CPU/U_DATAPATH/U_PC/U_exe_pc/D[27]
    SLICE_X42Y33         FDCE                                         r  U_RV32I_CPU/U_DATAPATH/U_PC/U_exe_pc/register_reg[27]/D
  -------------------------------------------------------------------    -------------------

                         (clock sys_clk_pin rise edge)
                                                     10.000    10.000 r  
    W5                                                0.000    10.000 r  clk (IN)
                         net (fo=0)                   0.000    10.000    clk
    W5                   IBUF (Prop_ibuf_I_O)         1.388    11.388 r  clk_IBUF_inst/O
                         net (fo=1, routed)           1.862    13.250    clk_IBUF
    BUFGCTRL_X0Y0        BUFG (Prop_bufg_I_O)         0.091    13.341 r  clk_IBUF_BUFG_inst/O
                         net (fo=2261, routed)        1.440    14.781    U_RV32I_CPU/U_DATAPATH/U_PC/U_exe_pc/clk_IBUF_BUFG
    SLICE_X42Y33         FDCE                                         r  U_RV32I_CPU/U_DATAPATH/U_PC/U_exe_pc/register_reg[27]/C
                         clock pessimism              0.188    14.969    
                         clock uncertainty           -0.035    14.934    
    SLICE_X42Y33         FDCE (Setup_fdce_C_D)        0.077    15.011    U_RV32I_CPU/U_DATAPATH/U_PC/U_exe_pc/register_reg[27]
  -------------------------------------------------------------------
                         required time                         15.011    
                         arrival time                         -14.706    
  -------------------------------------------------------------------
                         slack                                  0.304    

Slack (MET) :             0.308ns  (required time - arrival time)
  Source:                 U_RV32I_CPU/U_DATAPATH/U_PC/U_PC_EN_REG/register_reg[3]/C
                            (rising edge-triggered cell FDCE clocked by sys_clk_pin  {rise@0.000ns fall@5.000ns period=10.000ns})
  Destination:            U_RV32I_CPU/U_DATAPATH/U_PC/U_exe_pc/register_reg[21]/D
                            (rising edge-triggered cell FDCE clocked by sys_clk_pin  {rise@0.000ns fall@5.000ns period=10.000ns})
  Path Group:             sys_clk_pin
  Path Type:              Setup (Max at Slow Process Corner)
  Requirement:            10.000ns  (sys_clk_pin rise@10.000ns - sys_clk_pin rise@0.000ns)
  Data Path Delay:        9.587ns  (logic 2.949ns (30.760%)  route 6.638ns (69.240%))
  Logic Levels:           14  (CARRY4=5 LUT3=2 LUT5=1 LUT6=6)
  Clock Path Skew:        -0.101ns (DCD - SCD + CPR)
    Destination Clock Delay (DCD):    4.780ns = ( 14.780 - 10.000 ) 
    Source Clock Delay      (SCD):    5.069ns
    Clock Pessimism Removal (CPR):    0.188ns
  Clock Uncertainty:      0.035ns  ((TSJ^2 + TIJ^2)^1/2 + DJ) / 2 + PE
    Total System Jitter     (TSJ):    0.071ns
    Total Input Jitter      (TIJ):    0.000ns
    Discrete Jitter          (DJ):    0.000ns
    Phase Error              (PE):    0.000ns

    Location             Delay type                Incr(ns)  Path(ns)    Netlist Resource(s)
  -------------------------------------------------------------------    -------------------
                         (clock sys_clk_pin rise edge)
                                                      0.000     0.000 r  
    W5                                                0.000     0.000 r  clk (IN)
                         net (fo=0)                   0.000     0.000    clk
    W5                   IBUF (Prop_ibuf_I_O)         1.458     1.458 r  clk_IBUF_inst/O
                         net (fo=1, routed)           1.967     3.425    clk_IBUF
    BUFGCTRL_X0Y0        BUFG (Prop_bufg_I_O)         0.096     3.521 r  clk_IBUF_BUFG_inst/O
                         net (fo=2261, routed)        1.548     5.069    U_RV32I_CPU/U_DATAPATH/U_PC/U_PC_EN_REG/clk_IBUF_BUFG
    SLICE_X33Y27         FDCE                                         r  U_RV32I_CPU/U_DATAPATH/U_PC/U_PC_EN_REG/register_reg[3]/C
  -------------------------------------------------------------------    -------------------
    SLICE_X33Y27         FDCE (Prop_fdce_C_Q)         0.456     5.525 r  U_RV32I_CPU/U_DATAPATH/U_PC/U_PC_EN_REG/register_reg[3]/Q
                         net (fo=87, routed)          1.243     6.768    U_INST_MEM/Q[1]
    SLICE_X32Y25         LUT6 (Prop_lut6_I1_O)        0.124     6.892 r  U_INST_MEM/FSM_sequential_current_state[2]_i_11/O
                         net (fo=1, routed)           0.670     7.563    U_INST_MEM/FSM_sequential_current_state[2]_i_11_n_0
    SLICE_X32Y25         LUT5 (Prop_lut5_I0_O)        0.124     7.687 r  U_INST_MEM/FSM_sequential_current_state[2]_i_7/O
                         net (fo=16, routed)          0.906     8.592    U_RV32I_CPU/U_DATAPATH/U_PC/U_PC_EN_REG/instr_data[3]
    SLICE_X31Y23         LUT6 (Prop_lut6_I5_O)        0.124     8.716 r  U_RV32I_CPU/U_DATAPATH/U_PC/U_PC_EN_REG/alu_result0_carry_i_8/O
                         net (fo=114, routed)         0.674     9.391    U_RV32I_CPU/U_DATAPATH/U_DEC_IMM_EXT/register[31]_i_39__0
    SLICE_X33Y23         LUT3 (Prop_lut3_I1_O)        0.153     9.544 r  U_RV32I_CPU/U_DATAPATH/U_DEC_IMM_EXT/alu_result2_carry_i_11/O
                         net (fo=108, routed)         1.051    10.595    U_RV32I_CPU/U_DATAPATH/U_DEC_REG_RS1/w_alurs2_data[3]
    SLICE_X36Y26         LUT6 (Prop_lut6_I5_O)        0.327    10.922 r  U_RV32I_CPU/U_DATAPATH/U_DEC_REG_RS1/alu_result2_carry_i_2/O
                         net (fo=2, routed)           0.493    11.414    U_RV32I_CPU/U_DATAPATH/U_RF_ALU/DI[2]
    SLICE_X38Y28         CARRY4 (Prop_carry4_DI[2]_CO[3])
                                                      0.404    11.818 r  U_RV32I_CPU/U_DATAPATH/U_RF_ALU/alu_result2__15_carry/CO[3]
                         net (fo=1, routed)           0.000    11.818    U_RV32I_CPU/U_DATAPATH/U_RF_ALU/alu_result2__15_carry_n_0
    SLICE_X38Y29         CARRY4 (Prop_carry4_CI_CO[3])
                                                      0.117    11.935 r  U_RV32I_CPU/U_DATAPATH/U_RF_ALU/alu_result2__15_carry__0/CO[3]
                         net (fo=1, routed)           0.000    11.935    U_RV32I_CPU/U_DATAPATH/U_RF_ALU/alu_result2__15_carry__0_n_0
    SLICE_X38Y30         CARRY4 (Prop_carry4_CI_CO[3])
                                                      0.117    12.052 r  U_RV32I_CPU/U_DATAPATH/U_RF_ALU/alu_result2__15_carry__1/CO[3]
                         net (fo=1, routed)           0.000    12.052    U_RV32I_CPU/U_DATAPATH/U_RF_ALU/alu_result2__15_carry__1_n_0
    SLICE_X38Y31         CARRY4 (Prop_carry4_CI_CO[3])
                                                      0.117    12.169 r  U_RV32I_CPU/U_DATAPATH/U_RF_ALU/alu_result2__15_carry__2/CO[3]
                         net (fo=1, routed)           0.000    12.169    U_RV32I_CPU/U_DATAPATH/U_RF_ALU/data4
    SLICE_X38Y32         CARRY4 (Prop_carry4_CI_O[0])
                                                      0.219    12.388 r  U_RV32I_CPU/U_DATAPATH/U_RF_ALU/alu_result2__15_carry__3/O[0]
                         net (fo=2, routed)           0.314    12.703    U_RV32I_CPU/U_DATAPATH/U_PC/U_PC_EN_REG/O[0]
    SLICE_X39Y31         LUT6 (Prop_lut6_I2_O)        0.295    12.998 r  U_RV32I_CPU/U_DATAPATH/U_PC/U_PC_EN_REG/register[31]_i_5/O
                         net (fo=1, routed)           0.304    13.302    U_RV32I_CPU/U_DATAPATH/U_PC/U_PC_EN_REG/register[31]_i_5_n_0
    SLICE_X41Y31         LUT6 (Prop_lut6_I1_O)        0.124    13.426 f  U_RV32I_CPU/U_DATAPATH/U_PC/U_PC_EN_REG/register[31]_i_3/O
                         net (fo=1, routed)           0.263    13.689    U_RV32I_CPU/U_CONTROL_UNIT/register_reg[0]_0
    SLICE_X41Y31         LUT6 (Prop_lut6_I5_O)        0.124    13.813 r  U_RV32I_CPU/U_CONTROL_UNIT/register[31]_i_2__0/O
                         net (fo=32, routed)          0.720    14.532    U_RV32I_CPU/U_DATAPATH/U_PC/U_4_ALU/register_reg[1]
    SLICE_X43Y32         LUT3 (Prop_lut3_I1_O)        0.124    14.656 r  U_RV32I_CPU/U_DATAPATH/U_PC/U_4_ALU/register[21]_i_1__0/O
                         net (fo=1, routed)           0.000    14.656    U_RV32I_CPU/U_DATAPATH/U_PC/U_exe_pc/D[21]
    SLICE_X43Y32         FDCE                                         r  U_RV32I_CPU/U_DATAPATH/U_PC/U_exe_pc/register_reg[21]/D
  -------------------------------------------------------------------    -------------------

                         (clock sys_clk_pin rise edge)
                                                     10.000    10.000 r  
    W5                                                0.000    10.000 r  clk (IN)
                         net (fo=0)                   0.000    10.000    clk
    W5                   IBUF (Prop_ibuf_I_O)         1.388    11.388 r  clk_IBUF_inst/O
                         net (fo=1, routed)           1.862    13.250    clk_IBUF
    BUFGCTRL_X0Y0        BUFG (Prop_bufg_I_O)         0.091    13.341 r  clk_IBUF_BUFG_inst/O
                         net (fo=2261, routed)        1.439    14.780    U_RV32I_CPU/U_DATAPATH/U_PC/U_exe_pc/clk_IBUF_BUFG
    SLICE_X43Y32         FDCE                                         r  U_RV32I_CPU/U_DATAPATH/U_PC/U_exe_pc/register_reg[21]/C
                         clock pessimism              0.188    14.968    
                         clock uncertainty           -0.035    14.933    
    SLICE_X43Y32         FDCE (Setup_fdce_C_D)        0.031    14.964    U_RV32I_CPU/U_DATAPATH/U_PC/U_exe_pc/register_reg[21]
  -------------------------------------------------------------------
                         required time                         14.964    
                         arrival time                         -14.656    
  -------------------------------------------------------------------
                         slack                                  0.308    

Slack (MET) :             0.314ns  (required time - arrival time)
  Source:                 U_RV32I_CPU/U_DATAPATH/U_PC/U_PC_EN_REG/register_reg[3]/C
                            (rising edge-triggered cell FDCE clocked by sys_clk_pin  {rise@0.000ns fall@5.000ns period=10.000ns})
  Destination:            U_RV32I_CPU/U_DATAPATH/U_EXE_ALU_RESULT/register_reg[12]/D
                            (rising edge-triggered cell FDCE clocked by sys_clk_pin  {rise@0.000ns fall@5.000ns period=10.000ns})
  Path Group:             sys_clk_pin
  Path Type:              Setup (Max at Slow Process Corner)
  Requirement:            10.000ns  (sys_clk_pin rise@10.000ns - sys_clk_pin rise@0.000ns)
  Data Path Delay:        9.643ns  (logic 1.696ns (17.587%)  route 7.947ns (82.413%))
  Logic Levels:           10  (LUT2=1 LUT3=3 LUT5=2 LUT6=4)
  Clock Path Skew:        -0.036ns (DCD - SCD + CPR)
    Destination Clock Delay (DCD):    4.773ns = ( 14.773 - 10.000 ) 
    Source Clock Delay      (SCD):    5.069ns
    Clock Pessimism Removal (CPR):    0.260ns
  Clock Uncertainty:      0.035ns  ((TSJ^2 + TIJ^2)^1/2 + DJ) / 2 + PE
    Total System Jitter     (TSJ):    0.071ns
    Total Input Jitter      (TIJ):    0.000ns
    Discrete Jitter          (DJ):    0.000ns
    Phase Error              (PE):    0.000ns

    Location             Delay type                Incr(ns)  Path(ns)    Netlist Resource(s)
  -------------------------------------------------------------------    -------------------
                         (clock sys_clk_pin rise edge)
                                                      0.000     0.000 r  
    W5                                                0.000     0.000 r  clk (IN)
                         net (fo=0)                   0.000     0.000    clk
    W5                   IBUF (Prop_ibuf_I_O)         1.458     1.458 r  clk_IBUF_inst/O
                         net (fo=1, routed)           1.967     3.425    clk_IBUF
    BUFGCTRL_X0Y0        BUFG (Prop_bufg_I_O)         0.096     3.521 r  clk_IBUF_BUFG_inst/O
                         net (fo=2261, routed)        1.548     5.069    U_RV32I_CPU/U_DATAPATH/U_PC/U_PC_EN_REG/clk_IBUF_BUFG
    SLICE_X33Y27         FDCE                                         r  U_RV32I_CPU/U_DATAPATH/U_PC/U_PC_EN_REG/register_reg[3]/C
  -------------------------------------------------------------------    -------------------
    SLICE_X33Y27         FDCE (Prop_fdce_C_Q)         0.456     5.525 r  U_RV32I_CPU/U_DATAPATH/U_PC/U_PC_EN_REG/register_reg[3]/Q
                         net (fo=87, routed)          1.243     6.768    U_INST_MEM/Q[1]
    SLICE_X32Y25         LUT6 (Prop_lut6_I1_O)        0.124     6.892 r  U_INST_MEM/FSM_sequential_current_state[2]_i_11/O
                         net (fo=1, routed)           0.670     7.563    U_INST_MEM/FSM_sequential_current_state[2]_i_11_n_0
    SLICE_X32Y25         LUT5 (Prop_lut5_I0_O)        0.124     7.687 r  U_INST_MEM/FSM_sequential_current_state[2]_i_7/O
                         net (fo=16, routed)          0.906     8.592    U_RV32I_CPU/U_DATAPATH/U_PC/U_PC_EN_REG/instr_data[3]
    SLICE_X31Y23         LUT6 (Prop_lut6_I5_O)        0.124     8.716 r  U_RV32I_CPU/U_DATAPATH/U_PC/U_PC_EN_REG/alu_result0_carry_i_8/O
                         net (fo=114, routed)         0.546     9.263    U_RV32I_CPU/U_DATAPATH/U_DEC_IMM_EXT/register[31]_i_39__0
    SLICE_X31Y23         LUT3 (Prop_lut3_I1_O)        0.124     9.387 f  U_RV32I_CPU/U_DATAPATH/U_DEC_IMM_EXT/alu_result0_carry__0_i_5/O
                         net (fo=46, routed)          0.923    10.310    U_RV32I_CPU/U_DATAPATH/U_DEC_REG_RS1/p_0_in[2]
    SLICE_X32Y27         LUT2 (Prop_lut2_I1_O)        0.124    10.434 r  U_RV32I_CPU/U_DATAPATH/U_DEC_REG_RS1/register[12]_i_16/O
                         net (fo=3, routed)           0.664    11.098    U_RV32I_CPU/U_DATAPATH/U_DEC_REG_RS1/register_reg[31]_4
    SLICE_X32Y24         LUT6 (Prop_lut6_I1_O)        0.124    11.222 f  U_RV32I_CPU/U_DATAPATH/U_DEC_REG_RS1/register[10]_i_11/O
                         net (fo=3, routed)           0.752    11.973    U_RV32I_CPU/U_DATAPATH/U_DEC_REG_RS1/register_reg[22]_2
    SLICE_X32Y28         LUT3 (Prop_lut3_I2_O)        0.124    12.097 f  U_RV32I_CPU/U_DATAPATH/U_DEC_REG_RS1/register[14]_i_11/O
                         net (fo=2, routed)           1.024    13.122    U_RV32I_CPU/U_DATAPATH/U_DEC_IMM_EXT/register[12]_i_2
    SLICE_X38Y24         LUT3 (Prop_lut3_I2_O)        0.124    13.246 f  U_RV32I_CPU/U_DATAPATH/U_DEC_IMM_EXT/register[12]_i_5/O
                         net (fo=2, routed)           0.786    14.032    U_RV32I_CPU/U_DATAPATH/U_DEC_REG_RS2/register_reg[11]_0
    SLICE_X29Y26         LUT6 (Prop_lut6_I5_O)        0.124    14.156 f  U_RV32I_CPU/U_DATAPATH/U_DEC_REG_RS2/register[12]_i_2/O
                         net (fo=1, routed)           0.433    14.589    U_RV32I_CPU/U_DATAPATH/U_PC/U_PC_EN_REG/register_reg[12]_1
    SLICE_X29Y26         LUT5 (Prop_lut5_I1_O)        0.124    14.713 r  U_RV32I_CPU/U_DATAPATH/U_PC/U_PC_EN_REG/register[12]_i_1/O
                         net (fo=1, routed)           0.000    14.713    U_RV32I_CPU/U_DATAPATH/U_EXE_ALU_RESULT/D[12]
    SLICE_X29Y26         FDCE                                         r  U_RV32I_CPU/U_DATAPATH/U_EXE_ALU_RESULT/register_reg[12]/D
  -------------------------------------------------------------------    -------------------

                         (clock sys_clk_pin rise edge)
                                                     10.000    10.000 r  
    W5                                                0.000    10.000 r  clk (IN)
                         net (fo=0)                   0.000    10.000    clk
    W5                   IBUF (Prop_ibuf_I_O)         1.388    11.388 r  clk_IBUF_inst/O
                         net (fo=1, routed)           1.862    13.250    clk_IBUF
    BUFGCTRL_X0Y0        BUFG (Prop_bufg_I_O)         0.091    13.341 r  clk_IBUF_BUFG_inst/O
                         net (fo=2261, routed)        1.432    14.773    U_RV32I_CPU/U_DATAPATH/U_EXE_ALU_RESULT/clk_IBUF_BUFG
    SLICE_X29Y26         FDCE                                         r  U_RV32I_CPU/U_DATAPATH/U_EXE_ALU_RESULT/register_reg[12]/C
                         clock pessimism              0.260    15.033    
                         clock uncertainty           -0.035    14.998    
    SLICE_X29Y26         FDCE (Setup_fdce_C_D)        0.029    15.027    U_RV32I_CPU/U_DATAPATH/U_EXE_ALU_RESULT/register_reg[12]
  -------------------------------------------------------------------
                         required time                         15.027    
                         arrival time                         -14.713    
  -------------------------------------------------------------------
                         slack                                  0.314    

Slack (MET) :             0.324ns  (required time - arrival time)
  Source:                 U_RV32I_CPU/U_DATAPATH/U_PC/U_PC_EN_REG/register_reg[3]/C
                            (rising edge-triggered cell FDCE clocked by sys_clk_pin  {rise@0.000ns fall@5.000ns period=10.000ns})
  Destination:            U_RV32I_CPU/U_DATAPATH/U_PC/U_exe_pc/register_reg[22]/D
                            (rising edge-triggered cell FDCE clocked by sys_clk_pin  {rise@0.000ns fall@5.000ns period=10.000ns})
  Path Group:             sys_clk_pin
  Path Type:              Setup (Max at Slow Process Corner)
  Requirement:            10.000ns  (sys_clk_pin rise@10.000ns - sys_clk_pin rise@0.000ns)
  Data Path Delay:        9.615ns  (logic 2.977ns (30.962%)  route 6.638ns (69.038%))
  Logic Levels:           14  (CARRY4=5 LUT3=2 LUT5=1 LUT6=6)
  Clock Path Skew:        -0.101ns (DCD - SCD + CPR)
    Destination Clock Delay (DCD):    4.780ns = ( 14.780 - 10.000 ) 
    Source Clock Delay      (SCD):    5.069ns
    Clock Pessimism Removal (CPR):    0.188ns
  Clock Uncertainty:      0.035ns  ((TSJ^2 + TIJ^2)^1/2 + DJ) / 2 + PE
    Total System Jitter     (TSJ):    0.071ns
    Total Input Jitter      (TIJ):    0.000ns
    Discrete Jitter          (DJ):    0.000ns
    Phase Error              (PE):    0.000ns

    Location             Delay type                Incr(ns)  Path(ns)    Netlist Resource(s)
  -------------------------------------------------------------------    -------------------
                         (clock sys_clk_pin rise edge)
                                                      0.000     0.000 r  
    W5                                                0.000     0.000 r  clk (IN)
                         net (fo=0)                   0.000     0.000    clk
    W5                   IBUF (Prop_ibuf_I_O)         1.458     1.458 r  clk_IBUF_inst/O
                         net (fo=1, routed)           1.967     3.425    clk_IBUF
    BUFGCTRL_X0Y0        BUFG (Prop_bufg_I_O)         0.096     3.521 r  clk_IBUF_BUFG_inst/O
                         net (fo=2261, routed)        1.548     5.069    U_RV32I_CPU/U_DATAPATH/U_PC/U_PC_EN_REG/clk_IBUF_BUFG
    SLICE_X33Y27         FDCE                                         r  U_RV32I_CPU/U_DATAPATH/U_PC/U_PC_EN_REG/register_reg[3]/C
  -------------------------------------------------------------------    -------------------
    SLICE_X33Y27         FDCE (Prop_fdce_C_Q)         0.456     5.525 r  U_RV32I_CPU/U_DATAPATH/U_PC/U_PC_EN_REG/register_reg[3]/Q
                         net (fo=87, routed)          1.243     6.768    U_INST_MEM/Q[1]
    SLICE_X32Y25         LUT6 (Prop_lut6_I1_O)        0.124     6.892 r  U_INST_MEM/FSM_sequential_current_state[2]_i_11/O
                         net (fo=1, routed)           0.670     7.563    U_INST_MEM/FSM_sequential_current_state[2]_i_11_n_0
    SLICE_X32Y25         LUT5 (Prop_lut5_I0_O)        0.124     7.687 r  U_INST_MEM/FSM_sequential_current_state[2]_i_7/O
                         net (fo=16, routed)          0.906     8.592    U_RV32I_CPU/U_DATAPATH/U_PC/U_PC_EN_REG/instr_data[3]
    SLICE_X31Y23         LUT6 (Prop_lut6_I5_O)        0.124     8.716 r  U_RV32I_CPU/U_DATAPATH/U_PC/U_PC_EN_REG/alu_result0_carry_i_8/O
                         net (fo=114, routed)         0.674     9.391    U_RV32I_CPU/U_DATAPATH/U_DEC_IMM_EXT/register[31]_i_39__0
    SLICE_X33Y23         LUT3 (Prop_lut3_I1_O)        0.153     9.544 r  U_RV32I_CPU/U_DATAPATH/U_DEC_IMM_EXT/alu_result2_carry_i_11/O
                         net (fo=108, routed)         1.051    10.595    U_RV32I_CPU/U_DATAPATH/U_DEC_REG_RS1/w_alurs2_data[3]
    SLICE_X36Y26         LUT6 (Prop_lut6_I5_O)        0.327    10.922 r  U_RV32I_CPU/U_DATAPATH/U_DEC_REG_RS1/alu_result2_carry_i_2/O
                         net (fo=2, routed)           0.493    11.414    U_RV32I_CPU/U_DATAPATH/U_RF_ALU/DI[2]
    SLICE_X38Y28         CARRY4 (Prop_carry4_DI[2]_CO[3])
                                                      0.404    11.818 r  U_RV32I_CPU/U_DATAPATH/U_RF_ALU/alu_result2__15_carry/CO[3]
                         net (fo=1, routed)           0.000    11.818    U_RV32I_CPU/U_DATAPATH/U_RF_ALU/alu_result2__15_carry_n_0
    SLICE_X38Y29         CARRY4 (Prop_carry4_CI_CO[3])
                                                      0.117    11.935 r  U_RV32I_CPU/U_DATAPATH/U_RF_ALU/alu_result2__15_carry__0/CO[3]
                         net (fo=1, routed)           0.000    11.935    U_RV32I_CPU/U_DATAPATH/U_RF_ALU/alu_result2__15_carry__0_n_0
    SLICE_X38Y30         CARRY4 (Prop_carry4_CI_CO[3])
                                                      0.117    12.052 r  U_RV32I_CPU/U_DATAPATH/U_RF_ALU/alu_result2__15_carry__1/CO[3]
                         net (fo=1, routed)           0.000    12.052    U_RV32I_CPU/U_DATAPATH/U_RF_ALU/alu_result2__15_carry__1_n_0
    SLICE_X38Y31         CARRY4 (Prop_carry4_CI_CO[3])
                                                      0.117    12.169 r  U_RV32I_CPU/U_DATAPATH/U_RF_ALU/alu_result2__15_carry__2/CO[3]
                         net (fo=1, routed)           0.000    12.169    U_RV32I_CPU/U_DATAPATH/U_RF_ALU/data4
    SLICE_X38Y32         CARRY4 (Prop_carry4_CI_O[0])
                                                      0.219    12.388 r  U_RV32I_CPU/U_DATAPATH/U_RF_ALU/alu_result2__15_carry__3/O[0]
                         net (fo=2, routed)           0.314    12.703    U_RV32I_CPU/U_DATAPATH/U_PC/U_PC_EN_REG/O[0]
    SLICE_X39Y31         LUT6 (Prop_lut6_I2_O)        0.295    12.998 r  U_RV32I_CPU/U_DATAPATH/U_PC/U_PC_EN_REG/register[31]_i_5/O
                         net (fo=1, routed)           0.304    13.302    U_RV32I_CPU/U_DATAPATH/U_PC/U_PC_EN_REG/register[31]_i_5_n_0
    SLICE_X41Y31         LUT6 (Prop_lut6_I1_O)        0.124    13.426 f  U_RV32I_CPU/U_DATAPATH/U_PC/U_PC_EN_REG/register[31]_i_3/O
                         net (fo=1, routed)           0.263    13.689    U_RV32I_CPU/U_CONTROL_UNIT/register_reg[0]_0
    SLICE_X41Y31         LUT6 (Prop_lut6_I5_O)        0.124    13.813 r  U_RV32I_CPU/U_CONTROL_UNIT/register[31]_i_2__0/O
                         net (fo=32, routed)          0.720    14.532    U_RV32I_CPU/U_DATAPATH/U_PC/U_4_ALU/register_reg[1]
    SLICE_X43Y32         LUT3 (Prop_lut3_I1_O)        0.152    14.684 r  U_RV32I_CPU/U_DATAPATH/U_PC/U_4_ALU/register[22]_i_1__0/O
                         net (fo=1, routed)           0.000    14.684    U_RV32I_CPU/U_DATAPATH/U_PC/U_exe_pc/D[22]
    SLICE_X43Y32         FDCE                                         r  U_RV32I_CPU/U_DATAPATH/U_PC/U_exe_pc/register_reg[22]/D
  -------------------------------------------------------------------    -------------------

                         (clock sys_clk_pin rise edge)
                                                     10.000    10.000 r  
    W5                                                0.000    10.000 r  clk (IN)
                         net (fo=0)                   0.000    10.000    clk
    W5                   IBUF (Prop_ibuf_I_O)         1.388    11.388 r  clk_IBUF_inst/O
                         net (fo=1, routed)           1.862    13.250    clk_IBUF
    BUFGCTRL_X0Y0        BUFG (Prop_bufg_I_O)         0.091    13.341 r  clk_IBUF_BUFG_inst/O
                         net (fo=2261, routed)        1.439    14.780    U_RV32I_CPU/U_DATAPATH/U_PC/U_exe_pc/clk_IBUF_BUFG
    SLICE_X43Y32         FDCE                                         r  U_RV32I_CPU/U_DATAPATH/U_PC/U_exe_pc/register_reg[22]/C
                         clock pessimism              0.188    14.968    
                         clock uncertainty           -0.035    14.933    
    SLICE_X43Y32         FDCE (Setup_fdce_C_D)        0.075    15.008    U_RV32I_CPU/U_DATAPATH/U_PC/U_exe_pc/register_reg[22]
  -------------------------------------------------------------------
                         required time                         15.008    
                         arrival time                         -14.684    
  -------------------------------------------------------------------
                         slack                                  0.324    

Slack (MET) :             0.340ns  (required time - arrival time)
  Source:                 U_RV32I_CPU/U_DATAPATH/U_PC/U_PC_EN_REG/register_reg[3]/C
                            (rising edge-triggered cell FDCE clocked by sys_clk_pin  {rise@0.000ns fall@5.000ns period=10.000ns})
  Destination:            U_RV32I_CPU/U_DATAPATH/U_PC/U_exe_pc/register_reg[3]/D
                            (rising edge-triggered cell FDCE clocked by sys_clk_pin  {rise@0.000ns fall@5.000ns period=10.000ns})
  Path Group:             sys_clk_pin
  Path Type:              Setup (Max at Slow Process Corner)
  Requirement:            10.000ns  (sys_clk_pin rise@10.000ns - sys_clk_pin rise@0.000ns)
  Data Path Delay:        9.552ns  (logic 2.949ns (30.875%)  route 6.603ns (69.125%))
  Logic Levels:           14  (CARRY4=5 LUT3=2 LUT5=1 LUT6=6)
  Clock Path Skew:        -0.104ns (DCD - SCD + CPR)
    Destination Clock Delay (DCD):    4.777ns = ( 14.777 - 10.000 ) 
    Source Clock Delay      (SCD):    5.069ns
    Clock Pessimism Removal (CPR):    0.188ns
  Clock Uncertainty:      0.035ns  ((TSJ^2 + TIJ^2)^1/2 + DJ) / 2 + PE
    Total System Jitter     (TSJ):    0.071ns
    Total Input Jitter      (TIJ):    0.000ns
    Discrete Jitter          (DJ):    0.000ns
    Phase Error              (PE):    0.000ns

    Location             Delay type                Incr(ns)  Path(ns)    Netlist Resource(s)
  -------------------------------------------------------------------    -------------------
                         (clock sys_clk_pin rise edge)
                                                      0.000     0.000 r  
    W5                                                0.000     0.000 r  clk (IN)
                         net (fo=0)                   0.000     0.000    clk
    W5                   IBUF (Prop_ibuf_I_O)         1.458     1.458 r  clk_IBUF_inst/O
                         net (fo=1, routed)           1.967     3.425    clk_IBUF
    BUFGCTRL_X0Y0        BUFG (Prop_bufg_I_O)         0.096     3.521 r  clk_IBUF_BUFG_inst/O
                         net (fo=2261, routed)        1.548     5.069    U_RV32I_CPU/U_DATAPATH/U_PC/U_PC_EN_REG/clk_IBUF_BUFG
    SLICE_X33Y27         FDCE                                         r  U_RV32I_CPU/U_DATAPATH/U_PC/U_PC_EN_REG/register_reg[3]/C
  -------------------------------------------------------------------    -------------------
    SLICE_X33Y27         FDCE (Prop_fdce_C_Q)         0.456     5.525 r  U_RV32I_CPU/U_DATAPATH/U_PC/U_PC_EN_REG/register_reg[3]/Q
                         net (fo=87, routed)          1.243     6.768    U_INST_MEM/Q[1]
    SLICE_X32Y25         LUT6 (Prop_lut6_I1_O)        0.124     6.892 r  U_INST_MEM/FSM_sequential_current_state[2]_i_11/O
                         net (fo=1, routed)           0.670     7.563    U_INST_MEM/FSM_sequential_current_state[2]_i_11_n_0
    SLICE_X32Y25         LUT5 (Prop_lut5_I0_O)        0.124     7.687 r  U_INST_MEM/FSM_sequential_current_state[2]_i_7/O
                         net (fo=16, routed)          0.906     8.592    U_RV32I_CPU/U_DATAPATH/U_PC/U_PC_EN_REG/instr_data[3]
    SLICE_X31Y23         LUT6 (Prop_lut6_I5_O)        0.124     8.716 r  U_RV32I_CPU/U_DATAPATH/U_PC/U_PC_EN_REG/alu_result0_carry_i_8/O
                         net (fo=114, routed)         0.674     9.391    U_RV32I_CPU/U_DATAPATH/U_DEC_IMM_EXT/register[31]_i_39__0
    SLICE_X33Y23         LUT3 (Prop_lut3_I1_O)        0.153     9.544 r  U_RV32I_CPU/U_DATAPATH/U_DEC_IMM_EXT/alu_result2_carry_i_11/O
                         net (fo=108, routed)         1.051    10.595    U_RV32I_CPU/U_DATAPATH/U_DEC_REG_RS1/w_alurs2_data[3]
    SLICE_X36Y26         LUT6 (Prop_lut6_I5_O)        0.327    10.922 r  U_RV32I_CPU/U_DATAPATH/U_DEC_REG_RS1/alu_result2_carry_i_2/O
                         net (fo=2, routed)           0.493    11.414    U_RV32I_CPU/U_DATAPATH/U_RF_ALU/DI[2]
    SLICE_X38Y28         CARRY4 (Prop_carry4_DI[2]_CO[3])
                                                      0.404    11.818 r  U_RV32I_CPU/U_DATAPATH/U_RF_ALU/alu_result2__15_carry/CO[3]
                         net (fo=1, routed)           0.000    11.818    U_RV32I_CPU/U_DATAPATH/U_RF_ALU/alu_result2__15_carry_n_0
    SLICE_X38Y29         CARRY4 (Prop_carry4_CI_CO[3])
                                                      0.117    11.935 r  U_RV32I_CPU/U_DATAPATH/U_RF_ALU/alu_result2__15_carry__0/CO[3]
                         net (fo=1, routed)           0.000    11.935    U_RV32I_CPU/U_DATAPATH/U_RF_ALU/alu_result2__15_carry__0_n_0
    SLICE_X38Y30         CARRY4 (Prop_carry4_CI_CO[3])
                                                      0.117    12.052 r  U_RV32I_CPU/U_DATAPATH/U_RF_ALU/alu_result2__15_carry__1/CO[3]
                         net (fo=1, routed)           0.000    12.052    U_RV32I_CPU/U_DATAPATH/U_RF_ALU/alu_result2__15_carry__1_n_0
    SLICE_X38Y31         CARRY4 (Prop_carry4_CI_CO[3])
                                                      0.117    12.169 r  U_RV32I_CPU/U_DATAPATH/U_RF_ALU/alu_result2__15_carry__2/CO[3]
                         net (fo=1, routed)           0.000    12.169    U_RV32I_CPU/U_DATAPATH/U_RF_ALU/data4
    SLICE_X38Y32         CARRY4 (Prop_carry4_CI_O[0])
                                                      0.219    12.388 r  U_RV32I_CPU/U_DATAPATH/U_RF_ALU/alu_result2__15_carry__3/O[0]
                         net (fo=2, routed)           0.314    12.703    U_RV32I_CPU/U_DATAPATH/U_PC/U_PC_EN_REG/O[0]
    SLICE_X39Y31         LUT6 (Prop_lut6_I2_O)        0.295    12.998 r  U_RV32I_CPU/U_DATAPATH/U_PC/U_PC_EN_REG/register[31]_i_5/O
                         net (fo=1, routed)           0.304    13.302    U_RV32I_CPU/U_DATAPATH/U_PC/U_PC_EN_REG/register[31]_i_5_n_0
    SLICE_X41Y31         LUT6 (Prop_lut6_I1_O)        0.124    13.426 f  U_RV32I_CPU/U_DATAPATH/U_PC/U_PC_EN_REG/register[31]_i_3/O
                         net (fo=1, routed)           0.263    13.689    U_RV32I_CPU/U_CONTROL_UNIT/register_reg[0]_0
    SLICE_X41Y31         LUT6 (Prop_lut6_I5_O)        0.124    13.813 r  U_RV32I_CPU/U_CONTROL_UNIT/register[31]_i_2__0/O
                         net (fo=32, routed)          0.684    14.497    U_RV32I_CPU/U_DATAPATH/U_PC/U_4_ALU/register_reg[1]
    SLICE_X43Y30         LUT3 (Prop_lut3_I1_O)        0.124    14.621 r  U_RV32I_CPU/U_DATAPATH/U_PC/U_4_ALU/register[3]_i_1__0/O
                         net (fo=1, routed)           0.000    14.621    U_RV32I_CPU/U_DATAPATH/U_PC/U_exe_pc/D[3]
    SLICE_X43Y30         FDCE                                         r  U_RV32I_CPU/U_DATAPATH/U_PC/U_exe_pc/register_reg[3]/D
  -------------------------------------------------------------------    -------------------

                         (clock sys_clk_pin rise edge)
                                                     10.000    10.000 r  
    W5                                                0.000    10.000 r  clk (IN)
                         net (fo=0)                   0.000    10.000    clk
    W5                   IBUF (Prop_ibuf_I_O)         1.388    11.388 r  clk_IBUF_inst/O
                         net (fo=1, routed)           1.862    13.250    clk_IBUF
    BUFGCTRL_X0Y0        BUFG (Prop_bufg_I_O)         0.091    13.341 r  clk_IBUF_BUFG_inst/O
                         net (fo=2261, routed)        1.436    14.777    U_RV32I_CPU/U_DATAPATH/U_PC/U_exe_pc/clk_IBUF_BUFG
    SLICE_X43Y30         FDCE                                         r  U_RV32I_CPU/U_DATAPATH/U_PC/U_exe_pc/register_reg[3]/C
                         clock pessimism              0.188    14.965    
                         clock uncertainty           -0.035    14.930    
    SLICE_X43Y30         FDCE (Setup_fdce_C_D)        0.031    14.961    U_RV32I_CPU/U_DATAPATH/U_PC/U_exe_pc/register_reg[3]
  -------------------------------------------------------------------
                         required time                         14.961    
                         arrival time                         -14.621    
  -------------------------------------------------------------------
                         slack                                  0.340    

Slack (MET) :             0.342ns  (required time - arrival time)
  Source:                 U_RV32I_CPU/U_DATAPATH/U_PC/U_PC_EN_REG/register_reg[3]/C
                            (rising edge-triggered cell FDCE clocked by sys_clk_pin  {rise@0.000ns fall@5.000ns period=10.000ns})
  Destination:            U_RV32I_CPU/U_DATAPATH/U_PC/U_exe_pc/register_reg[11]/D
                            (rising edge-triggered cell FDCE clocked by sys_clk_pin  {rise@0.000ns fall@5.000ns period=10.000ns})
  Path Group:             sys_clk_pin
  Path Type:              Setup (Max at Slow Process Corner)
  Requirement:            10.000ns  (sys_clk_pin rise@10.000ns - sys_clk_pin rise@0.000ns)
  Data Path Delay:        9.548ns  (logic 2.949ns (30.888%)  route 6.599ns (69.112%))
  Logic Levels:           14  (CARRY4=5 LUT3=2 LUT5=1 LUT6=6)
  Clock Path Skew:        -0.104ns (DCD - SCD + CPR)
    Destination Clock Delay (DCD):    4.777ns = ( 14.777 - 10.000 ) 
    Source Clock Delay      (SCD):    5.069ns
    Clock Pessimism Removal (CPR):    0.188ns
  Clock Uncertainty:      0.035ns  ((TSJ^2 + TIJ^2)^1/2 + DJ) / 2 + PE
    Total System Jitter     (TSJ):    0.071ns
    Total Input Jitter      (TIJ):    0.000ns
    Discrete Jitter          (DJ):    0.000ns
    Phase Error              (PE):    0.000ns

    Location             Delay type                Incr(ns)  Path(ns)    Netlist Resource(s)
  -------------------------------------------------------------------    -------------------
                         (clock sys_clk_pin rise edge)
                                                      0.000     0.000 r  
    W5                                                0.000     0.000 r  clk (IN)
                         net (fo=0)                   0.000     0.000    clk
    W5                   IBUF (Prop_ibuf_I_O)         1.458     1.458 r  clk_IBUF_inst/O
                         net (fo=1, routed)           1.967     3.425    clk_IBUF
    BUFGCTRL_X0Y0        BUFG (Prop_bufg_I_O)         0.096     3.521 r  clk_IBUF_BUFG_inst/O
                         net (fo=2261, routed)        1.548     5.069    U_RV32I_CPU/U_DATAPATH/U_PC/U_PC_EN_REG/clk_IBUF_BUFG
    SLICE_X33Y27         FDCE                                         r  U_RV32I_CPU/U_DATAPATH/U_PC/U_PC_EN_REG/register_reg[3]/C
  -------------------------------------------------------------------    -------------------
    SLICE_X33Y27         FDCE (Prop_fdce_C_Q)         0.456     5.525 r  U_RV32I_CPU/U_DATAPATH/U_PC/U_PC_EN_REG/register_reg[3]/Q
                         net (fo=87, routed)          1.243     6.768    U_INST_MEM/Q[1]
    SLICE_X32Y25         LUT6 (Prop_lut6_I1_O)        0.124     6.892 r  U_INST_MEM/FSM_sequential_current_state[2]_i_11/O
                         net (fo=1, routed)           0.670     7.563    U_INST_MEM/FSM_sequential_current_state[2]_i_11_n_0
    SLICE_X32Y25         LUT5 (Prop_lut5_I0_O)        0.124     7.687 r  U_INST_MEM/FSM_sequential_current_state[2]_i_7/O
                         net (fo=16, routed)          0.906     8.592    U_RV32I_CPU/U_DATAPATH/U_PC/U_PC_EN_REG/instr_data[3]
    SLICE_X31Y23         LUT6 (Prop_lut6_I5_O)        0.124     8.716 r  U_RV32I_CPU/U_DATAPATH/U_PC/U_PC_EN_REG/alu_result0_carry_i_8/O
                         net (fo=114, routed)         0.674     9.391    U_RV32I_CPU/U_DATAPATH/U_DEC_IMM_EXT/register[31]_i_39__0
    SLICE_X33Y23         LUT3 (Prop_lut3_I1_O)        0.153     9.544 r  U_RV32I_CPU/U_DATAPATH/U_DEC_IMM_EXT/alu_result2_carry_i_11/O
                         net (fo=108, routed)         1.051    10.595    U_RV32I_CPU/U_DATAPATH/U_DEC_REG_RS1/w_alurs2_data[3]
    SLICE_X36Y26         LUT6 (Prop_lut6_I5_O)        0.327    10.922 r  U_RV32I_CPU/U_DATAPATH/U_DEC_REG_RS1/alu_result2_carry_i_2/O
                         net (fo=2, routed)           0.493    11.414    U_RV32I_CPU/U_DATAPATH/U_RF_ALU/DI[2]
    SLICE_X38Y28         CARRY4 (Prop_carry4_DI[2]_CO[3])
                                                      0.404    11.818 r  U_RV32I_CPU/U_DATAPATH/U_RF_ALU/alu_result2__15_carry/CO[3]
                         net (fo=1, routed)           0.000    11.818    U_RV32I_CPU/U_DATAPATH/U_RF_ALU/alu_result2__15_carry_n_0
    SLICE_X38Y29         CARRY4 (Prop_carry4_CI_CO[3])
                                                      0.117    11.935 r  U_RV32I_CPU/U_DATAPATH/U_RF_ALU/alu_result2__15_carry__0/CO[3]
                         net (fo=1, routed)           0.000    11.935    U_RV32I_CPU/U_DATAPATH/U_RF_ALU/alu_result2__15_carry__0_n_0
    SLICE_X38Y30         CARRY4 (Prop_carry4_CI_CO[3])
                                                      0.117    12.052 r  U_RV32I_CPU/U_DATAPATH/U_RF_ALU/alu_result2__15_carry__1/CO[3]
                         net (fo=1, routed)           0.000    12.052    U_RV32I_CPU/U_DATAPATH/U_RF_ALU/alu_result2__15_carry__1_n_0
    SLICE_X38Y31         CARRY4 (Prop_carry4_CI_CO[3])
                                                      0.117    12.169 r  U_RV32I_CPU/U_DATAPATH/U_RF_ALU/alu_result2__15_carry__2/CO[3]
                         net (fo=1, routed)           0.000    12.169    U_RV32I_CPU/U_DATAPATH/U_RF_ALU/data4
    SLICE_X38Y32         CARRY4 (Prop_carry4_CI_O[0])
                                                      0.219    12.388 r  U_RV32I_CPU/U_DATAPATH/U_RF_ALU/alu_result2__15_carry__3/O[0]
                         net (fo=2, routed)           0.314    12.703    U_RV32I_CPU/U_DATAPATH/U_PC/U_PC_EN_REG/O[0]
    SLICE_X39Y31         LUT6 (Prop_lut6_I2_O)        0.295    12.998 r  U_RV32I_CPU/U_DATAPATH/U_PC/U_PC_EN_REG/register[31]_i_5/O
                         net (fo=1, routed)           0.304    13.302    U_RV32I_CPU/U_DATAPATH/U_PC/U_PC_EN_REG/register[31]_i_5_n_0
    SLICE_X41Y31         LUT6 (Prop_lut6_I1_O)        0.124    13.426 f  U_RV32I_CPU/U_DATAPATH/U_PC/U_PC_EN_REG/register[31]_i_3/O
                         net (fo=1, routed)           0.263    13.689    U_RV32I_CPU/U_CONTROL_UNIT/register_reg[0]_0
    SLICE_X41Y31         LUT6 (Prop_lut6_I5_O)        0.124    13.813 r  U_RV32I_CPU/U_CONTROL_UNIT/register[31]_i_2__0/O
                         net (fo=32, routed)          0.680    14.493    U_RV32I_CPU/U_DATAPATH/U_PC/U_4_ALU/register_reg[1]
    SLICE_X43Y30         LUT3 (Prop_lut3_I1_O)        0.124    14.617 r  U_RV32I_CPU/U_DATAPATH/U_PC/U_4_ALU/register[11]_i_1__1/O
                         net (fo=1, routed)           0.000    14.617    U_RV32I_CPU/U_DATAPATH/U_PC/U_exe_pc/D[11]
    SLICE_X43Y30         FDCE                                         r  U_RV32I_CPU/U_DATAPATH/U_PC/U_exe_pc/register_reg[11]/D
  -------------------------------------------------------------------    -------------------

                         (clock sys_clk_pin rise edge)
                                                     10.000    10.000 r  
    W5                                                0.000    10.000 r  clk (IN)
                         net (fo=0)                   0.000    10.000    clk
    W5                   IBUF (Prop_ibuf_I_O)         1.388    11.388 r  clk_IBUF_inst/O
                         net (fo=1, routed)           1.862    13.250    clk_IBUF
    BUFGCTRL_X0Y0        BUFG (Prop_bufg_I_O)         0.091    13.341 r  clk_IBUF_BUFG_inst/O
                         net (fo=2261, routed)        1.436    14.777    U_RV32I_CPU/U_DATAPATH/U_PC/U_exe_pc/clk_IBUF_BUFG
    SLICE_X43Y30         FDCE                                         r  U_RV32I_CPU/U_DATAPATH/U_PC/U_exe_pc/register_reg[11]/C
                         clock pessimism              0.188    14.965    
                         clock uncertainty           -0.035    14.930    
    SLICE_X43Y30         FDCE (Setup_fdce_C_D)        0.029    14.959    U_RV32I_CPU/U_DATAPATH/U_PC/U_exe_pc/register_reg[11]
  -------------------------------------------------------------------
                         required time                         14.959    
                         arrival time                         -14.617    
  -------------------------------------------------------------------
                         slack                                  0.342    





Min Delay Paths
--------------------------------------------------------------------------------------
Slack (MET) :             0.103ns  (arrival time - required time)
  Source:                 U_RV32I_CPU/U_DATAPATH/U_PC/U_exe_pc/register_reg[3]/C
                            (rising edge-triggered cell FDCE clocked by sys_clk_pin  {rise@0.000ns fall@5.000ns period=10.000ns})
  Destination:            U_RV32I_CPU/U_DATAPATH/U_PC/U_PC_EN_REG/register_reg[3]/D
                            (rising edge-triggered cell FDCE clocked by sys_clk_pin  {rise@0.000ns fall@5.000ns period=10.000ns})
  Path Group:             sys_clk_pin
  Path Type:              Hold (Min at Fast Process Corner)
  Requirement:            0.000ns  (sys_clk_pin rise@0.000ns - sys_clk_pin rise@0.000ns)
  Data Path Delay:        0.428ns  (logic 0.141ns (32.947%)  route 0.287ns (67.053%))
  Logic Levels:           0  
  Clock Path Skew:        0.259ns (DCD - SCD - CPR)
    Destination Clock Delay (DCD):    1.946ns
    Source Clock Delay      (SCD):    1.438ns
    Clock Pessimism Removal (CPR):    0.249ns

    Location             Delay type                Incr(ns)  Path(ns)    Netlist Resource(s)
  -------------------------------------------------------------------    -------------------
                         (clock sys_clk_pin rise edge)
                                                      0.000     0.000 r  
    W5                                                0.000     0.000 r  clk (IN)
                         net (fo=0)                   0.000     0.000    clk
    W5                   IBUF (Prop_ibuf_I_O)         0.226     0.226 r  clk_IBUF_inst/O
                         net (fo=1, routed)           0.631     0.858    clk_IBUF
    BUFGCTRL_X0Y0        BUFG (Prop_bufg_I_O)         0.026     0.884 r  clk_IBUF_BUFG_inst/O
                         net (fo=2261, routed)        0.555     1.438    U_RV32I_CPU/U_DATAPATH/U_PC/U_exe_pc/clk_IBUF_BUFG
    SLICE_X43Y30         FDCE                                         r  U_RV32I_CPU/U_DATAPATH/U_PC/U_exe_pc/register_reg[3]/C
  -------------------------------------------------------------------    -------------------
    SLICE_X43Y30         FDCE (Prop_fdce_C_Q)         0.141     1.579 r  U_RV32I_CPU/U_DATAPATH/U_PC/U_exe_pc/register_reg[3]/Q
                         net (fo=1, routed)           0.287     1.866    U_RV32I_CPU/U_DATAPATH/U_PC/U_PC_EN_REG/register_reg[31]_14[3]
    SLICE_X33Y27         FDCE                                         r  U_RV32I_CPU/U_DATAPATH/U_PC/U_PC_EN_REG/register_reg[3]/D
  -------------------------------------------------------------------    -------------------

                         (clock sys_clk_pin rise edge)
                                                      0.000     0.000 r  
    W5                                                0.000     0.000 r  clk (IN)
                         net (fo=0)                   0.000     0.000    clk
    W5                   IBUF (Prop_ibuf_I_O)         0.414     0.414 r  clk_IBUF_inst/O
                         net (fo=1, routed)           0.685     1.099    clk_IBUF
    BUFGCTRL_X0Y0        BUFG (Prop_bufg_I_O)         0.029     1.128 r  clk_IBUF_BUFG_inst/O
                         net (fo=2261, routed)        0.819     1.946    U_RV32I_CPU/U_DATAPATH/U_PC/U_PC_EN_REG/clk_IBUF_BUFG
    SLICE_X33Y27         FDCE                                         r  U_RV32I_CPU/U_DATAPATH/U_PC/U_PC_EN_REG/register_reg[3]/C
                         clock pessimism             -0.249     1.697    
    SLICE_X33Y27         FDCE (Hold_fdce_C_D)         0.066     1.763    U_RV32I_CPU/U_DATAPATH/U_PC/U_PC_EN_REG/register_reg[3]
  -------------------------------------------------------------------
                         required time                         -1.763    
                         arrival time                           1.866    
  -------------------------------------------------------------------
                         slack                                  0.103    

Slack (MET) :             0.134ns  (arrival time - required time)
  Source:                 U_RV32I_CPU/U_DATAPATH/U_PC/U_exe_pc/register_reg[7]/C
                            (rising edge-triggered cell FDCE clocked by sys_clk_pin  {rise@0.000ns fall@5.000ns period=10.000ns})
  Destination:            U_RV32I_CPU/U_DATAPATH/U_PC/U_PC_EN_REG/register_reg[7]/D
                            (rising edge-triggered cell FDCE clocked by sys_clk_pin  {rise@0.000ns fall@5.000ns period=10.000ns})
  Path Group:             sys_clk_pin
  Path Type:              Hold (Min at Fast Process Corner)
  Requirement:            0.000ns  (sys_clk_pin rise@0.000ns - sys_clk_pin rise@0.000ns)
  Data Path Delay:        0.461ns  (logic 0.141ns (30.612%)  route 0.320ns (69.388%))
  Logic Levels:           0  
  Clock Path Skew:        0.257ns (DCD - SCD - CPR)
    Destination Clock Delay (DCD):    1.944ns
    Source Clock Delay      (SCD):    1.438ns
    Clock Pessimism Removal (CPR):    0.249ns

    Location             Delay type                Incr(ns)  Path(ns)    Netlist Resource(s)
  -------------------------------------------------------------------    -------------------
                         (clock sys_clk_pin rise edge)
                                                      0.000     0.000 r  
    W5                                                0.000     0.000 r  clk (IN)
                         net (fo=0)                   0.000     0.000    clk
    W5                   IBUF (Prop_ibuf_I_O)         0.226     0.226 r  clk_IBUF_inst/O
                         net (fo=1, routed)           0.631     0.858    clk_IBUF
    BUFGCTRL_X0Y0        BUFG (Prop_bufg_I_O)         0.026     0.884 r  clk_IBUF_BUFG_inst/O
                         net (fo=2261, routed)        0.555     1.438    U_RV32I_CPU/U_DATAPATH/U_PC/U_exe_pc/clk_IBUF_BUFG
    SLICE_X43Y30         FDCE                                         r  U_RV32I_CPU/U_DATAPATH/U_PC/U_exe_pc/register_reg[7]/C
  -------------------------------------------------------------------    -------------------
    SLICE_X43Y30         FDCE (Prop_fdce_C_Q)         0.141     1.579 r  U_RV32I_CPU/U_DATAPATH/U_PC/U_exe_pc/register_reg[7]/Q
                         net (fo=1, routed)           0.320     1.899    U_RV32I_CPU/U_DATAPATH/U_PC/U_PC_EN_REG/register_reg[31]_14[7]
    SLICE_X33Y26         FDCE                                         r  U_RV32I_CPU/U_DATAPATH/U_PC/U_PC_EN_REG/register_reg[7]/D
  -------------------------------------------------------------------    -------------------

                         (clock sys_clk_pin rise edge)
                                                      0.000     0.000 r  
    W5                                                0.000     0.000 r  clk (IN)
                         net (fo=0)                   0.000     0.000    clk
    W5                   IBUF (Prop_ibuf_I_O)         0.414     0.414 r  clk_IBUF_inst/O
                         net (fo=1, routed)           0.685     1.099    clk_IBUF
    BUFGCTRL_X0Y0        BUFG (Prop_bufg_I_O)         0.029     1.128 r  clk_IBUF_BUFG_inst/O
                         net (fo=2261, routed)        0.817     1.944    U_RV32I_CPU/U_DATAPATH/U_PC/U_PC_EN_REG/clk_IBUF_BUFG
    SLICE_X33Y26         FDCE                                         r  U_RV32I_CPU/U_DATAPATH/U_PC/U_PC_EN_REG/register_reg[7]/C
                         clock pessimism             -0.249     1.695    
    SLICE_X33Y26         FDCE (Hold_fdce_C_D)         0.070     1.765    U_RV32I_CPU/U_DATAPATH/U_PC/U_PC_EN_REG/register_reg[7]
  -------------------------------------------------------------------
                         required time                         -1.765    
                         arrival time                           1.899    
  -------------------------------------------------------------------
                         slack                                  0.134    

Slack (MET) :             0.140ns  (arrival time - required time)
  Source:                 U_RV32I_CPU/U_DATAPATH/U_EXE_REG_RS2/register_reg[10]/C
                            (rising edge-triggered cell FDCE clocked by sys_clk_pin  {rise@0.000ns fall@5.000ns period=10.000ns})
  Destination:            U_APB_MASTER/p_wdata_reg[10]/D
                            (rising edge-triggered cell FDCE clocked by sys_clk_pin  {rise@0.000ns fall@5.000ns period=10.000ns})
  Path Group:             sys_clk_pin
  Path Type:              Hold (Min at Fast Process Corner)
  Requirement:            0.000ns  (sys_clk_pin rise@0.000ns - sys_clk_pin rise@0.000ns)
  Data Path Delay:        0.273ns  (logic 0.186ns (68.106%)  route 0.087ns (31.894%))
  Logic Levels:           1  (LUT2=1)
  Clock Path Skew:        0.013ns (DCD - SCD - CPR)
    Destination Clock Delay (DCD):    1.952ns
    Source Clock Delay      (SCD):    1.440ns
    Clock Pessimism Removal (CPR):    0.499ns

    Location             Delay type                Incr(ns)  Path(ns)    Netlist Resource(s)
  -------------------------------------------------------------------    -------------------
                         (clock sys_clk_pin rise edge)
                                                      0.000     0.000 r  
    W5                                                0.000     0.000 r  clk (IN)
                         net (fo=0)                   0.000     0.000    clk
    W5                   IBUF (Prop_ibuf_I_O)         0.226     0.226 r  clk_IBUF_inst/O
                         net (fo=1, routed)           0.631     0.858    clk_IBUF
    BUFGCTRL_X0Y0        BUFG (Prop_bufg_I_O)         0.026     0.884 r  clk_IBUF_BUFG_inst/O
                         net (fo=2261, routed)        0.557     1.440    U_RV32I_CPU/U_DATAPATH/U_EXE_REG_RS2/clk_IBUF_BUFG
    SLICE_X15Y20         FDCE                                         r  U_RV32I_CPU/U_DATAPATH/U_EXE_REG_RS2/register_reg[10]/C
  -------------------------------------------------------------------    -------------------
    SLICE_X15Y20         FDCE (Prop_fdce_C_Q)         0.141     1.581 r  U_RV32I_CPU/U_DATAPATH/U_EXE_REG_RS2/register_reg[10]/Q
                         net (fo=1, routed)           0.087     1.668    U_RV32I_CPU/U_CONTROL_UNIT/Q[10]
    SLICE_X14Y20         LUT2 (Prop_lut2_I1_O)        0.045     1.713 r  U_RV32I_CPU/U_CONTROL_UNIT/p_wdata[10]_i_1/O
                         net (fo=1, routed)           0.000     1.713    U_APB_MASTER/p_wdata_reg[31]_1[10]
    SLICE_X14Y20         FDCE                                         r  U_APB_MASTER/p_wdata_reg[10]/D
  -------------------------------------------------------------------    -------------------

                         (clock sys_clk_pin rise edge)
                                                      0.000     0.000 r  
    W5                                                0.000     0.000 r  clk (IN)
                         net (fo=0)                   0.000     0.000    clk
    W5                   IBUF (Prop_ibuf_I_O)         0.414     0.414 r  clk_IBUF_inst/O
                         net (fo=1, routed)           0.685     1.099    clk_IBUF
    BUFGCTRL_X0Y0        BUFG (Prop_bufg_I_O)         0.029     1.128 r  clk_IBUF_BUFG_inst/O
                         net (fo=2261, routed)        0.825     1.952    U_APB_MASTER/clk_IBUF_BUFG
    SLICE_X14Y20         FDCE                                         r  U_APB_MASTER/p_wdata_reg[10]/C
                         clock pessimism             -0.499     1.453    
    SLICE_X14Y20         FDCE (Hold_fdce_C_D)         0.120     1.573    U_APB_MASTER/p_wdata_reg[10]
  -------------------------------------------------------------------
                         required time                         -1.573    
                         arrival time                           1.713    
  -------------------------------------------------------------------
                         slack                                  0.140    

Slack (MET) :             0.140ns  (arrival time - required time)
  Source:                 U_RV32I_CPU/U_DATAPATH/U_EXE_REG_RS2/register_reg[12]/C
                            (rising edge-triggered cell FDCE clocked by sys_clk_pin  {rise@0.000ns fall@5.000ns period=10.000ns})
  Destination:            U_APB_MASTER/p_wdata_reg[12]/D
                            (rising edge-triggered cell FDCE clocked by sys_clk_pin  {rise@0.000ns fall@5.000ns period=10.000ns})
  Path Group:             sys_clk_pin
  Path Type:              Hold (Min at Fast Process Corner)
  Requirement:            0.000ns  (sys_clk_pin rise@0.000ns - sys_clk_pin rise@0.000ns)
  Data Path Delay:        0.273ns  (logic 0.186ns (68.106%)  route 0.087ns (31.894%))
  Logic Levels:           1  (LUT2=1)
  Clock Path Skew:        0.013ns (DCD - SCD - CPR)
    Destination Clock Delay (DCD):    1.953ns
    Source Clock Delay      (SCD):    1.441ns
    Clock Pessimism Removal (CPR):    0.499ns

    Location             Delay type                Incr(ns)  Path(ns)    Netlist Resource(s)
  -------------------------------------------------------------------    -------------------
                         (clock sys_clk_pin rise edge)
                                                      0.000     0.000 r  
    W5                                                0.000     0.000 r  clk (IN)
                         net (fo=0)                   0.000     0.000    clk
    W5                   IBUF (Prop_ibuf_I_O)         0.226     0.226 r  clk_IBUF_inst/O
                         net (fo=1, routed)           0.631     0.858    clk_IBUF
    BUFGCTRL_X0Y0        BUFG (Prop_bufg_I_O)         0.026     0.884 r  clk_IBUF_BUFG_inst/O
                         net (fo=2261, routed)        0.558     1.441    U_RV32I_CPU/U_DATAPATH/U_EXE_REG_RS2/clk_IBUF_BUFG
    SLICE_X15Y19         FDCE                                         r  U_RV32I_CPU/U_DATAPATH/U_EXE_REG_RS2/register_reg[12]/C
  -------------------------------------------------------------------    -------------------
    SLICE_X15Y19         FDCE (Prop_fdce_C_Q)         0.141     1.582 r  U_RV32I_CPU/U_DATAPATH/U_EXE_REG_RS2/register_reg[12]/Q
                         net (fo=1, routed)           0.087     1.669    U_RV32I_CPU/U_CONTROL_UNIT/Q[12]
    SLICE_X14Y19         LUT2 (Prop_lut2_I1_O)        0.045     1.714 r  U_RV32I_CPU/U_CONTROL_UNIT/p_wdata[12]_i_1/O
                         net (fo=1, routed)           0.000     1.714    U_APB_MASTER/p_wdata_reg[31]_1[12]
    SLICE_X14Y19         FDCE                                         r  U_APB_MASTER/p_wdata_reg[12]/D
  -------------------------------------------------------------------    -------------------

                         (clock sys_clk_pin rise edge)
                                                      0.000     0.000 r  
    W5                                                0.000     0.000 r  clk (IN)
                         net (fo=0)                   0.000     0.000    clk
    W5                   IBUF (Prop_ibuf_I_O)         0.414     0.414 r  clk_IBUF_inst/O
                         net (fo=1, routed)           0.685     1.099    clk_IBUF
    BUFGCTRL_X0Y0        BUFG (Prop_bufg_I_O)         0.029     1.128 r  clk_IBUF_BUFG_inst/O
                         net (fo=2261, routed)        0.826     1.953    U_APB_MASTER/clk_IBUF_BUFG
    SLICE_X14Y19         FDCE                                         r  U_APB_MASTER/p_wdata_reg[12]/C
                         clock pessimism             -0.499     1.454    
    SLICE_X14Y19         FDCE (Hold_fdce_C_D)         0.120     1.574    U_APB_MASTER/p_wdata_reg[12]
  -------------------------------------------------------------------
                         required time                         -1.574    
                         arrival time                           1.714    
  -------------------------------------------------------------------
                         slack                                  0.140    

Slack (MET) :             0.140ns  (arrival time - required time)
  Source:                 U_RV32I_CPU/U_DATAPATH/U_EXE_REG_RS2/register_reg[16]/C
                            (rising edge-triggered cell FDCE clocked by sys_clk_pin  {rise@0.000ns fall@5.000ns period=10.000ns})
  Destination:            U_APB_MASTER/p_wdata_reg[16]/D
                            (rising edge-triggered cell FDCE clocked by sys_clk_pin  {rise@0.000ns fall@5.000ns period=10.000ns})
  Path Group:             sys_clk_pin
  Path Type:              Hold (Min at Fast Process Corner)
  Requirement:            0.000ns  (sys_clk_pin rise@0.000ns - sys_clk_pin rise@0.000ns)
  Data Path Delay:        0.273ns  (logic 0.186ns (68.106%)  route 0.087ns (31.894%))
  Logic Levels:           1  (LUT2=1)
  Clock Path Skew:        0.013ns (DCD - SCD - CPR)
    Destination Clock Delay (DCD):    1.951ns
    Source Clock Delay      (SCD):    1.439ns
    Clock Pessimism Removal (CPR):    0.499ns

    Location             Delay type                Incr(ns)  Path(ns)    Netlist Resource(s)
  -------------------------------------------------------------------    -------------------
                         (clock sys_clk_pin rise edge)
                                                      0.000     0.000 r  
    W5                                                0.000     0.000 r  clk (IN)
                         net (fo=0)                   0.000     0.000    clk
    W5                   IBUF (Prop_ibuf_I_O)         0.226     0.226 r  clk_IBUF_inst/O
                         net (fo=1, routed)           0.631     0.858    clk_IBUF
    BUFGCTRL_X0Y0        BUFG (Prop_bufg_I_O)         0.026     0.884 r  clk_IBUF_BUFG_inst/O
                         net (fo=2261, routed)        0.556     1.439    U_RV32I_CPU/U_DATAPATH/U_EXE_REG_RS2/clk_IBUF_BUFG
    SLICE_X15Y28         FDCE                                         r  U_RV32I_CPU/U_DATAPATH/U_EXE_REG_RS2/register_reg[16]/C
  -------------------------------------------------------------------    -------------------
    SLICE_X15Y28         FDCE (Prop_fdce_C_Q)         0.141     1.580 r  U_RV32I_CPU/U_DATAPATH/U_EXE_REG_RS2/register_reg[16]/Q
                         net (fo=1, routed)           0.087     1.667    U_RV32I_CPU/U_CONTROL_UNIT/Q[16]
    SLICE_X14Y28         LUT2 (Prop_lut2_I1_O)        0.045     1.712 r  U_RV32I_CPU/U_CONTROL_UNIT/p_wdata[16]_i_1/O
                         net (fo=1, routed)           0.000     1.712    U_APB_MASTER/p_wdata_reg[31]_1[16]
    SLICE_X14Y28         FDCE                                         r  U_APB_MASTER/p_wdata_reg[16]/D
  -------------------------------------------------------------------    -------------------

                         (clock sys_clk_pin rise edge)
                                                      0.000     0.000 r  
    W5                                                0.000     0.000 r  clk (IN)
                         net (fo=0)                   0.000     0.000    clk
    W5                   IBUF (Prop_ibuf_I_O)         0.414     0.414 r  clk_IBUF_inst/O
                         net (fo=1, routed)           0.685     1.099    clk_IBUF
    BUFGCTRL_X0Y0        BUFG (Prop_bufg_I_O)         0.029     1.128 r  clk_IBUF_BUFG_inst/O
                         net (fo=2261, routed)        0.824     1.951    U_APB_MASTER/clk_IBUF_BUFG
    SLICE_X14Y28         FDCE                                         r  U_APB_MASTER/p_wdata_reg[16]/C
                         clock pessimism             -0.499     1.452    
    SLICE_X14Y28         FDCE (Hold_fdce_C_D)         0.120     1.572    U_APB_MASTER/p_wdata_reg[16]
  -------------------------------------------------------------------
                         required time                         -1.572    
                         arrival time                           1.712    
  -------------------------------------------------------------------
                         slack                                  0.140    

Slack (MET) :             0.140ns  (arrival time - required time)
  Source:                 U_RV32I_CPU/U_DATAPATH/U_EXE_REG_RS2/register_reg[18]/C
                            (rising edge-triggered cell FDCE clocked by sys_clk_pin  {rise@0.000ns fall@5.000ns period=10.000ns})
  Destination:            U_APB_MASTER/p_wdata_reg[18]/D
                            (rising edge-triggered cell FDCE clocked by sys_clk_pin  {rise@0.000ns fall@5.000ns period=10.000ns})
  Path Group:             sys_clk_pin
  Path Type:              Hold (Min at Fast Process Corner)
  Requirement:            0.000ns  (sys_clk_pin rise@0.000ns - sys_clk_pin rise@0.000ns)
  Data Path Delay:        0.273ns  (logic 0.186ns (68.106%)  route 0.087ns (31.894%))
  Logic Levels:           1  (LUT2=1)
  Clock Path Skew:        0.013ns (DCD - SCD - CPR)
    Destination Clock Delay (DCD):    1.950ns
    Source Clock Delay      (SCD):    1.439ns
    Clock Pessimism Removal (CPR):    0.498ns

    Location             Delay type                Incr(ns)  Path(ns)    Netlist Resource(s)
  -------------------------------------------------------------------    -------------------
                         (clock sys_clk_pin rise edge)
                                                      0.000     0.000 r  
    W5                                                0.000     0.000 r  clk (IN)
                         net (fo=0)                   0.000     0.000    clk
    W5                   IBUF (Prop_ibuf_I_O)         0.226     0.226 r  clk_IBUF_inst/O
                         net (fo=1, routed)           0.631     0.858    clk_IBUF
    BUFGCTRL_X0Y0        BUFG (Prop_bufg_I_O)         0.026     0.884 r  clk_IBUF_BUFG_inst/O
                         net (fo=2261, routed)        0.556     1.439    U_RV32I_CPU/U_DATAPATH/U_EXE_REG_RS2/clk_IBUF_BUFG
    SLICE_X15Y27         FDCE                                         r  U_RV32I_CPU/U_DATAPATH/U_EXE_REG_RS2/register_reg[18]/C
  -------------------------------------------------------------------    -------------------
    SLICE_X15Y27         FDCE (Prop_fdce_C_Q)         0.141     1.580 r  U_RV32I_CPU/U_DATAPATH/U_EXE_REG_RS2/register_reg[18]/Q
                         net (fo=1, routed)           0.087     1.667    U_RV32I_CPU/U_CONTROL_UNIT/Q[18]
    SLICE_X14Y27         LUT2 (Prop_lut2_I1_O)        0.045     1.712 r  U_RV32I_CPU/U_CONTROL_UNIT/p_wdata[18]_i_1/O
                         net (fo=1, routed)           0.000     1.712    U_APB_MASTER/p_wdata_reg[31]_1[18]
    SLICE_X14Y27         FDCE                                         r  U_APB_MASTER/p_wdata_reg[18]/D
  -------------------------------------------------------------------    -------------------

                         (clock sys_clk_pin rise edge)
                                                      0.000     0.000 r  
    W5                                                0.000     0.000 r  clk (IN)
                         net (fo=0)                   0.000     0.000    clk
    W5                   IBUF (Prop_ibuf_I_O)         0.414     0.414 r  clk_IBUF_inst/O
                         net (fo=1, routed)           0.685     1.099    clk_IBUF
    BUFGCTRL_X0Y0        BUFG (Prop_bufg_I_O)         0.029     1.128 r  clk_IBUF_BUFG_inst/O
                         net (fo=2261, routed)        0.823     1.950    U_APB_MASTER/clk_IBUF_BUFG
    SLICE_X14Y27         FDCE                                         r  U_APB_MASTER/p_wdata_reg[18]/C
                         clock pessimism             -0.498     1.452    
    SLICE_X14Y27         FDCE (Hold_fdce_C_D)         0.120     1.572    U_APB_MASTER/p_wdata_reg[18]
  -------------------------------------------------------------------
                         required time                         -1.572    
                         arrival time                           1.712    
  -------------------------------------------------------------------
                         slack                                  0.140    

Slack (MET) :             0.141ns  (arrival time - required time)
  Source:                 U_RV32I_CPU/U_DATAPATH/U_EXE_REG_RS2/register_reg[24]/C
                            (rising edge-triggered cell FDCE clocked by sys_clk_pin  {rise@0.000ns fall@5.000ns period=10.000ns})
  Destination:            U_APB_MASTER/p_wdata_reg[24]/D
                            (rising edge-triggered cell FDCE clocked by sys_clk_pin  {rise@0.000ns fall@5.000ns period=10.000ns})
  Path Group:             sys_clk_pin
  Path Type:              Hold (Min at Fast Process Corner)
  Requirement:            0.000ns  (sys_clk_pin rise@0.000ns - sys_clk_pin rise@0.000ns)
  Data Path Delay:        0.275ns  (logic 0.186ns (67.611%)  route 0.089ns (32.389%))
  Logic Levels:           1  (LUT2=1)
  Clock Path Skew:        0.013ns (DCD - SCD - CPR)
    Destination Clock Delay (DCD):    1.950ns
    Source Clock Delay      (SCD):    1.439ns
    Clock Pessimism Removal (CPR):    0.498ns

    Location             Delay type                Incr(ns)  Path(ns)    Netlist Resource(s)
  -------------------------------------------------------------------    -------------------
                         (clock sys_clk_pin rise edge)
                                                      0.000     0.000 r  
    W5                                                0.000     0.000 r  clk (IN)
                         net (fo=0)                   0.000     0.000    clk
    W5                   IBUF (Prop_ibuf_I_O)         0.226     0.226 r  clk_IBUF_inst/O
                         net (fo=1, routed)           0.631     0.858    clk_IBUF
    BUFGCTRL_X0Y0        BUFG (Prop_bufg_I_O)         0.026     0.884 r  clk_IBUF_BUFG_inst/O
                         net (fo=2261, routed)        0.556     1.439    U_RV32I_CPU/U_DATAPATH/U_EXE_REG_RS2/clk_IBUF_BUFG
    SLICE_X15Y27         FDCE                                         r  U_RV32I_CPU/U_DATAPATH/U_EXE_REG_RS2/register_reg[24]/C
  -------------------------------------------------------------------    -------------------
    SLICE_X15Y27         FDCE (Prop_fdce_C_Q)         0.141     1.580 r  U_RV32I_CPU/U_DATAPATH/U_EXE_REG_RS2/register_reg[24]/Q
                         net (fo=1, routed)           0.089     1.669    U_RV32I_CPU/U_CONTROL_UNIT/Q[24]
    SLICE_X14Y27         LUT2 (Prop_lut2_I1_O)        0.045     1.714 r  U_RV32I_CPU/U_CONTROL_UNIT/p_wdata[24]_i_1/O
                         net (fo=1, routed)           0.000     1.714    U_APB_MASTER/p_wdata_reg[31]_1[24]
    SLICE_X14Y27         FDCE                                         r  U_APB_MASTER/p_wdata_reg[24]/D
  -------------------------------------------------------------------    -------------------

                         (clock sys_clk_pin rise edge)
                                                      0.000     0.000 r  
    W5                                                0.000     0.000 r  clk (IN)
                         net (fo=0)                   0.000     0.000    clk
    W5                   IBUF (Prop_ibuf_I_O)         0.414     0.414 r  clk_IBUF_inst/O
                         net (fo=1, routed)           0.685     1.099    clk_IBUF
    BUFGCTRL_X0Y0        BUFG (Prop_bufg_I_O)         0.029     1.128 r  clk_IBUF_BUFG_inst/O
                         net (fo=2261, routed)        0.823     1.950    U_APB_MASTER/clk_IBUF_BUFG
    SLICE_X14Y27         FDCE                                         r  U_APB_MASTER/p_wdata_reg[24]/C
                         clock pessimism             -0.498     1.452    
    SLICE_X14Y27         FDCE (Hold_fdce_C_D)         0.121     1.573    U_APB_MASTER/p_wdata_reg[24]
  -------------------------------------------------------------------
                         required time                         -1.573    
                         arrival time                           1.714    
  -------------------------------------------------------------------
                         slack                                  0.141    

Slack (MET) :             0.153ns  (arrival time - required time)
  Source:                 U_RV32I_CPU/U_DATAPATH/U_PC/U_exe_pc/register_reg[23]/C
                            (rising edge-triggered cell FDCE clocked by sys_clk_pin  {rise@0.000ns fall@5.000ns period=10.000ns})
  Destination:            U_RV32I_CPU/U_DATAPATH/U_PC/U_PC_EN_REG/register_reg[23]/D
                            (rising edge-triggered cell FDCE clocked by sys_clk_pin  {rise@0.000ns fall@5.000ns period=10.000ns})
  Path Group:             sys_clk_pin
  Path Type:              Hold (Min at Fast Process Corner)
  Requirement:            0.000ns  (sys_clk_pin rise@0.000ns - sys_clk_pin rise@0.000ns)
  Data Path Delay:        0.254ns  (logic 0.141ns (55.533%)  route 0.113ns (44.467%))
  Logic Levels:           0  
  Clock Path Skew:        0.035ns (DCD - SCD - CPR)
    Destination Clock Delay (DCD):    1.953ns
    Source Clock Delay      (SCD):    1.440ns
    Clock Pessimism Removal (CPR):    0.478ns

    Location             Delay type                Incr(ns)  Path(ns)    Netlist Resource(s)
  -------------------------------------------------------------------    -------------------
                         (clock sys_clk_pin rise edge)
                                                      0.000     0.000 r  
    W5                                                0.000     0.000 r  clk (IN)
                         net (fo=0)                   0.000     0.000    clk
    W5                   IBUF (Prop_ibuf_I_O)         0.226     0.226 r  clk_IBUF_inst/O
                         net (fo=1, routed)           0.631     0.858    clk_IBUF
    BUFGCTRL_X0Y0        BUFG (Prop_bufg_I_O)         0.026     0.884 r  clk_IBUF_BUFG_inst/O
                         net (fo=2261, routed)        0.557     1.440    U_RV32I_CPU/U_DATAPATH/U_PC/U_exe_pc/clk_IBUF_BUFG
    SLICE_X43Y32         FDCE                                         r  U_RV32I_CPU/U_DATAPATH/U_PC/U_exe_pc/register_reg[23]/C
  -------------------------------------------------------------------    -------------------
    SLICE_X43Y32         FDCE (Prop_fdce_C_Q)         0.141     1.581 r  U_RV32I_CPU/U_DATAPATH/U_PC/U_exe_pc/register_reg[23]/Q
                         net (fo=1, routed)           0.113     1.694    U_RV32I_CPU/U_DATAPATH/U_PC/U_PC_EN_REG/register_reg[31]_14[23]
    SLICE_X44Y32         FDCE                                         r  U_RV32I_CPU/U_DATAPATH/U_PC/U_PC_EN_REG/register_reg[23]/D
  -------------------------------------------------------------------    -------------------

                         (clock sys_clk_pin rise edge)
                                                      0.000     0.000 r  
    W5                                                0.000     0.000 r  clk (IN)
                         net (fo=0)                   0.000     0.000    clk
    W5                   IBUF (Prop_ibuf_I_O)         0.414     0.414 r  clk_IBUF_inst/O
                         net (fo=1, routed)           0.685     1.099    clk_IBUF
    BUFGCTRL_X0Y0        BUFG (Prop_bufg_I_O)         0.029     1.128 r  clk_IBUF_BUFG_inst/O
                         net (fo=2261, routed)        0.826     1.953    U_RV32I_CPU/U_DATAPATH/U_PC/U_PC_EN_REG/clk_IBUF_BUFG
    SLICE_X44Y32         FDCE                                         r  U_RV32I_CPU/U_DATAPATH/U_PC/U_PC_EN_REG/register_reg[23]/C
                         clock pessimism             -0.478     1.475    
    SLICE_X44Y32         FDCE (Hold_fdce_C_D)         0.066     1.541    U_RV32I_CPU/U_DATAPATH/U_PC/U_PC_EN_REG/register_reg[23]
  -------------------------------------------------------------------
                         required time                         -1.541    
                         arrival time                           1.694    
  -------------------------------------------------------------------
                         slack                                  0.153    

Slack (MET) :             0.158ns  (arrival time - required time)
  Source:                 U_SLAVE_UART/U_RX/rx_data_reg[3]/C
                            (rising edge-triggered cell FDCE clocked by sys_clk_pin  {rise@0.000ns fall@5.000ns period=10.000ns})
  Destination:            U_SLAVE_UART/rx_data_reg_reg[3]/D
                            (rising edge-triggered cell FDCE clocked by sys_clk_pin  {rise@0.000ns fall@5.000ns period=10.000ns})
  Path Group:             sys_clk_pin
  Path Type:              Hold (Min at Fast Process Corner)
  Requirement:            0.000ns  (sys_clk_pin rise@0.000ns - sys_clk_pin rise@0.000ns)
  Data Path Delay:        0.242ns  (logic 0.141ns (58.263%)  route 0.101ns (41.737%))
  Logic Levels:           0  
  Clock Path Skew:        0.014ns (DCD - SCD - CPR)
    Destination Clock Delay (DCD):    1.958ns
    Source Clock Delay      (SCD):    1.446ns
    Clock Pessimism Removal (CPR):    0.498ns

    Location             Delay type                Incr(ns)  Path(ns)    Netlist Resource(s)
  -------------------------------------------------------------------    -------------------
                         (clock sys_clk_pin rise edge)
                                                      0.000     0.000 r  
    W5                                                0.000     0.000 r  clk (IN)
                         net (fo=0)                   0.000     0.000    clk
    W5                   IBUF (Prop_ibuf_I_O)         0.226     0.226 r  clk_IBUF_inst/O
                         net (fo=1, routed)           0.631     0.858    clk_IBUF
    BUFGCTRL_X0Y0        BUFG (Prop_bufg_I_O)         0.026     0.884 r  clk_IBUF_BUFG_inst/O
                         net (fo=2261, routed)        0.563     1.446    U_SLAVE_UART/U_RX/clk_IBUF_BUFG
    SLICE_X15Y12         FDCE                                         r  U_SLAVE_UART/U_RX/rx_data_reg[3]/C
  -------------------------------------------------------------------    -------------------
    SLICE_X15Y12         FDCE (Prop_fdce_C_Q)         0.141     1.587 r  U_SLAVE_UART/U_RX/rx_data_reg[3]/Q
                         net (fo=1, routed)           0.101     1.688    U_SLAVE_UART/rx_data[3]
    SLICE_X13Y13         FDCE                                         r  U_SLAVE_UART/rx_data_reg_reg[3]/D
  -------------------------------------------------------------------    -------------------

                         (clock sys_clk_pin rise edge)
                                                      0.000     0.000 r  
    W5                                                0.000     0.000 r  clk (IN)
                         net (fo=0)                   0.000     0.000    clk
    W5                   IBUF (Prop_ibuf_I_O)         0.414     0.414 r  clk_IBUF_inst/O
                         net (fo=1, routed)           0.685     1.099    clk_IBUF
    BUFGCTRL_X0Y0        BUFG (Prop_bufg_I_O)         0.029     1.128 r  clk_IBUF_BUFG_inst/O
                         net (fo=2261, routed)        0.831     1.958    U_SLAVE_UART/clk_IBUF_BUFG
    SLICE_X13Y13         FDCE                                         r  U_SLAVE_UART/rx_data_reg_reg[3]/C
                         clock pessimism             -0.498     1.460    
    SLICE_X13Y13         FDCE (Hold_fdce_C_D)         0.070     1.530    U_SLAVE_UART/rx_data_reg_reg[3]
  -------------------------------------------------------------------
                         required time                         -1.530    
                         arrival time                           1.688    
  -------------------------------------------------------------------
                         slack                                  0.158    

Slack (MET) :             0.165ns  (arrival time - required time)
  Source:                 U_RV32I_CPU/U_DATAPATH/U_DEC_IMM_EXT/register_reg[12]/C
                            (rising edge-triggered cell FDCE clocked by sys_clk_pin  {rise@0.000ns fall@5.000ns period=10.000ns})
  Destination:            U_RV32I_CPU/U_DATAPATH/U_EXE_IMM_REG/register_reg[12]/D
                            (rising edge-triggered cell FDCE clocked by sys_clk_pin  {rise@0.000ns fall@5.000ns period=10.000ns})
  Path Group:             sys_clk_pin
  Path Type:              Hold (Min at Fast Process Corner)
  Requirement:            0.000ns  (sys_clk_pin rise@0.000ns - sys_clk_pin rise@0.000ns)
  Data Path Delay:        0.490ns  (logic 0.141ns (28.802%)  route 0.349ns (71.198%))
  Logic Levels:           0  
  Clock Path Skew:        0.259ns (DCD - SCD - CPR)
    Destination Clock Delay (DCD):    1.944ns
    Source Clock Delay      (SCD):    1.436ns
    Clock Pessimism Removal (CPR):    0.249ns

    Location             Delay type                Incr(ns)  Path(ns)    Netlist Resource(s)
  -------------------------------------------------------------------    -------------------
                         (clock sys_clk_pin rise edge)
                                                      0.000     0.000 r  
    W5                                                0.000     0.000 r  clk (IN)
                         net (fo=0)                   0.000     0.000    clk
    W5                   IBUF (Prop_ibuf_I_O)         0.226     0.226 r  clk_IBUF_inst/O
                         net (fo=1, routed)           0.631     0.858    clk_IBUF
    BUFGCTRL_X0Y0        BUFG (Prop_bufg_I_O)         0.026     0.884 r  clk_IBUF_BUFG_inst/O
                         net (fo=2261, routed)        0.553     1.436    U_RV32I_CPU/U_DATAPATH/U_DEC_IMM_EXT/clk_IBUF_BUFG
    SLICE_X43Y28         FDCE                                         r  U_RV32I_CPU/U_DATAPATH/U_DEC_IMM_EXT/register_reg[12]/C
  -------------------------------------------------------------------    -------------------
    SLICE_X43Y28         FDCE (Prop_fdce_C_Q)         0.141     1.577 r  U_RV32I_CPU/U_DATAPATH/U_DEC_IMM_EXT/register_reg[12]/Q
                         net (fo=13, routed)          0.349     1.926    U_RV32I_CPU/U_DATAPATH/U_EXE_IMM_REG/register_reg[31]_0[12]
    SLICE_X28Y24         FDCE                                         r  U_RV32I_CPU/U_DATAPATH/U_EXE_IMM_REG/register_reg[12]/D
  -------------------------------------------------------------------    -------------------

                         (clock sys_clk_pin rise edge)
                                                      0.000     0.000 r  
    W5                                                0.000     0.000 r  clk (IN)
                         net (fo=0)                   0.000     0.000    clk
    W5                   IBUF (Prop_ibuf_I_O)         0.414     0.414 r  clk_IBUF_inst/O
                         net (fo=1, routed)           0.685     1.099    clk_IBUF
    BUFGCTRL_X0Y0        BUFG (Prop_bufg_I_O)         0.029     1.128 r  clk_IBUF_BUFG_inst/O
                         net (fo=2261, routed)        0.817     1.944    U_RV32I_CPU/U_DATAPATH/U_EXE_IMM_REG/clk_IBUF_BUFG
    SLICE_X28Y24         FDCE                                         r  U_RV32I_CPU/U_DATAPATH/U_EXE_IMM_REG/register_reg[12]/C
                         clock pessimism             -0.249     1.695    
    SLICE_X28Y24         FDCE (Hold_fdce_C_D)         0.066     1.761    U_RV32I_CPU/U_DATAPATH/U_EXE_IMM_REG/register_reg[12]
  -------------------------------------------------------------------
                         required time                         -1.761    
                         arrival time                           1.926    
  -------------------------------------------------------------------
                         slack                                  0.165    





Pulse Width Checks
--------------------------------------------------------------------------------------
Clock Name:         sys_clk_pin
Waveform(ns):       { 0.000 5.000 }
Period(ns):         10.000
Sources:            { clk }

Check Type        Corner  Lib Pin      Reference Pin  Required(ns)  Actual(ns)  Slack(ns)  Location       Pin
Min Period        n/a     BUFG/I       n/a            2.155         10.000      7.845      BUFGCTRL_X0Y0  clk_IBUF_BUFG_inst/I
Min Period        n/a     FDPE/C       n/a            1.000         10.000      9.000      SLICE_X14Y26   U_APB_MASTER/FSM_onehot_current_state_reg[0]/C
Min Period        n/a     FDCE/C       n/a            1.000         10.000      9.000      SLICE_X14Y26   U_APB_MASTER/FSM_onehot_current_state_reg[1]/C
Min Period        n/a     FDCE/C       n/a            1.000         10.000      9.000      SLICE_X14Y26   U_APB_MASTER/FSM_onehot_current_state_reg[2]/C
Min Period        n/a     FDCE/C       n/a            1.000         10.000      9.000      SLICE_X57Y28   U_RV32I_CPU/U_DATAPATH/U_DEC_REG_RS1/register_reg[16]/C
Min Period        n/a     FDCE/C       n/a            1.000         10.000      9.000      SLICE_X57Y28   U_RV32I_CPU/U_DATAPATH/U_DEC_REG_RS1/register_reg[17]/C
Min Period        n/a     FDCE/C       n/a            1.000         10.000      9.000      SLICE_X58Y33   U_RV32I_CPU/U_DATAPATH/U_DEC_REG_RS1/register_reg[18]/C
Min Period        n/a     FDCE/C       n/a            1.000         10.000      9.000      SLICE_X56Y27   U_RV32I_CPU/U_DATAPATH/U_DEC_REG_RS1/register_reg[19]/C
Min Period        n/a     FDCE/C       n/a            1.000         10.000      9.000      SLICE_X34Y12   U_RV32I_CPU/U_DATAPATH/U_DEC_REG_RS1/register_reg[1]/C
Min Period        n/a     FDCE/C       n/a            1.000         10.000      9.000      SLICE_X55Y23   U_RV32I_CPU/U_DATAPATH/U_DEC_REG_RS1/register_reg[20]/C
Low Pulse Width   Slow    RAMS64E/CLK  n/a            1.250         5.000       3.750      SLICE_X10Y11   U_SLAVE_RAM/U_DATA_MEM/data_mem_reg_512_767_3_3/RAMS64E_C/CLK
Low Pulse Width   Slow    RAMS64E/CLK  n/a            1.250         5.000       3.750      SLICE_X10Y11   U_SLAVE_RAM/U_DATA_MEM/data_mem_reg_512_767_3_3/RAMS64E_D/CLK
Low Pulse Width   Slow    RAMS64E/CLK  n/a            1.250         5.000       3.750      SLICE_X12Y13   U_SLAVE_RAM/U_DATA_MEM/data_mem_reg_512_767_8_8/RAMS64E_A/CLK
Low Pulse Width   Slow    RAMS64E/CLK  n/a            1.250         5.000       3.750      SLICE_X12Y13   U_SLAVE_RAM/U_DATA_MEM/data_mem_reg_512_767_8_8/RAMS64E_B/CLK
Low Pulse Width   Slow    RAMS64E/CLK  n/a            1.250         5.000       3.750      SLICE_X12Y13   U_SLAVE_RAM/U_DATA_MEM/data_mem_reg_512_767_8_8/RAMS64E_C/CLK
Low Pulse Width   Slow    RAMS64E/CLK  n/a            1.250         5.000       3.750      SLICE_X12Y13   U_SLAVE_RAM/U_DATA_MEM/data_mem_reg_512_767_8_8/RAMS64E_D/CLK
Low Pulse Width   Slow    RAMS64E/CLK  n/a            1.250         5.000       3.750      SLICE_X8Y11    U_SLAVE_RAM/U_DATA_MEM/data_mem_reg_768_1023_4_4/RAMS64E_A/CLK
Low Pulse Width   Slow    RAMS64E/CLK  n/a            1.250         5.000       3.750      SLICE_X8Y11    U_SLAVE_RAM/U_DATA_MEM/data_mem_reg_768_1023_4_4/RAMS64E_B/CLK
Low Pulse Width   Slow    RAMS64E/CLK  n/a            1.250         5.000       3.750      SLICE_X8Y11    U_SLAVE_RAM/U_DATA_MEM/data_mem_reg_768_1023_4_4/RAMS64E_C/CLK
Low Pulse Width   Slow    RAMS64E/CLK  n/a            1.250         5.000       3.750      SLICE_X8Y11    U_SLAVE_RAM/U_DATA_MEM/data_mem_reg_768_1023_4_4/RAMS64E_D/CLK
High Pulse Width  Slow    RAMS64E/CLK  n/a            1.250         5.000       3.750      SLICE_X12Y24   U_SLAVE_RAM/U_DATA_MEM/data_mem_reg_256_511_17_17/RAMS64E_A/CLK
High Pulse Width  Slow    RAMS64E/CLK  n/a            1.250         5.000       3.750      SLICE_X12Y24   U_SLAVE_RAM/U_DATA_MEM/data_mem_reg_256_511_17_17/RAMS64E_B/CLK
High Pulse Width  Fast    RAMS64E/CLK  n/a            1.250         5.000       3.750      SLICE_X6Y15    U_SLAVE_RAM/U_DATA_MEM/data_mem_reg_512_767_10_10/RAMS64E_A/CLK
High Pulse Width  Fast    RAMS64E/CLK  n/a            1.250         5.000       3.750      SLICE_X6Y15    U_SLAVE_RAM/U_DATA_MEM/data_mem_reg_512_767_10_10/RAMS64E_B/CLK
High Pulse Width  Fast    RAMS64E/CLK  n/a            1.250         5.000       3.750      SLICE_X6Y15    U_SLAVE_RAM/U_DATA_MEM/data_mem_reg_512_767_10_10/RAMS64E_C/CLK
High Pulse Width  Fast    RAMS64E/CLK  n/a            1.250         5.000       3.750      SLICE_X6Y15    U_SLAVE_RAM/U_DATA_MEM/data_mem_reg_512_767_10_10/RAMS64E_D/CLK
High Pulse Width  Fast    RAMS64E/CLK  n/a            1.250         5.000       3.750      SLICE_X6Y25    U_SLAVE_RAM/U_DATA_MEM/data_mem_reg_768_1023_26_26/RAMS64E_D/CLK
High Pulse Width  Slow    RAMS64E/CLK  n/a            1.250         5.000       3.750      SLICE_X6Y23    U_SLAVE_RAM/U_DATA_MEM/data_mem_reg_0_255_24_24/RAMS64E_A/CLK
High Pulse Width  Slow    RAMS64E/CLK  n/a            1.250         5.000       3.750      SLICE_X6Y23    U_SLAVE_RAM/U_DATA_MEM/data_mem_reg_0_255_24_24/RAMS64E_B/CLK
High Pulse Width  Slow    RAMS64E/CLK  n/a            1.250         5.000       3.750      SLICE_X6Y23    U_SLAVE_RAM/U_DATA_MEM/data_mem_reg_0_255_24_24/RAMS64E_C/CLK



