Copyright 1986-2020 Xilinx, Inc. All Rights Reserved.
--------------------------------------------------------------------------------------------------------------------------------------------------------------------------------------------------
| Tool Version : Vivado v.2020.2 (win64) Build 3064766 Wed Nov 18 09:12:45 MST 2020
| Date         : Mon Mar 30 12:18:35 2026
| Host         : DESKTOP-7CFQ9ND running 64-bit major release  (build 9200)
| Command      : report_timing_summary -max_paths 10 -file rv32i_mcu_timing_summary_routed.rpt -pb rv32i_mcu_timing_summary_routed.pb -rpx rv32i_mcu_timing_summary_routed.rpx -warn_on_violation
| Design       : rv32i_mcu
| Device       : 7a35t-cpg236
| Speed File   : -1  PRODUCTION 1.23 2018-06-13
--------------------------------------------------------------------------------------------------------------------------------------------------------------------------------------------------

Timing Summary Report

------------------------------------------------------------------------------------------------
| Timer Settings
| --------------
------------------------------------------------------------------------------------------------

  Enable Multi Corner Analysis               :  Yes
  Enable Pessimism Removal                   :  Yes
  Pessimism Removal Resolution               :  Nearest Common Node
  Enable Input Delay Default Clock           :  No
  Enable Preset / Clear Arcs                 :  No
  Disable Flight Delays                      :  No
  Ignore I/O Paths                           :  No
  Timing Early Launch at Borrowing Latches   :  No
  Borrow Time for Max Delay Exceptions       :  Yes
  Merge Timing Exceptions                    :  Yes

  Corner  Analyze    Analyze    
  Name    Max Paths  Min Paths  
  ------  ---------  ---------  
  Slow    Yes        Yes        
  Fast    Yes        Yes        



check_timing report

Table of Contents
-----------------
1. checking no_clock (0)
2. checking constant_clock (0)
3. checking pulse_width_clock (0)
4. checking unconstrained_internal_endpoints (0)
5. checking no_input_delay (26)
6. checking no_output_delay (36)
7. checking multiple_clock (0)
8. checking generated_clocks (0)
9. checking loops (0)
10. checking partial_input_delay (0)
11. checking partial_output_delay (0)
12. checking latch_loops (0)

1. checking no_clock (0)
------------------------
 There are 0 register/latch pins with no clock.


2. checking constant_clock (0)
------------------------------
 There are 0 register/latch pins with constant_clock.


3. checking pulse_width_clock (0)
---------------------------------
 There are 0 register/latch pins which need pulse_width check


4. checking unconstrained_internal_endpoints (0)
------------------------------------------------
 There are 0 pins that are not constrained for maximum delay.

 There are 0 pins that are not constrained for maximum delay due to constant clock.


5. checking no_input_delay (26)
-------------------------------
 There are 26 input ports with no input delay specified. (HIGH)

 There are 0 input ports with no input delay but user has a false path constraint.


6. checking no_output_delay (36)
--------------------------------
 There are 36 ports with no output delay specified. (HIGH)

 There are 0 ports with no output delay but user has a false path constraint

 There are 0 ports with no output delay but with a timing clock defined on it or propagating through it


7. checking multiple_clock (0)
------------------------------
 There are 0 register/latch pins with multiple clocks.


8. checking generated_clocks (0)
--------------------------------
 There are 0 generated clocks that are not connected to a clock source.


9. checking loops (0)
---------------------
 There are 0 combinational loops in the design.


10. checking partial_input_delay (0)
------------------------------------
 There are 0 input ports with partial input delay specified.


11. checking partial_output_delay (0)
-------------------------------------
 There are 0 ports with partial output delay specified.


12. checking latch_loops (0)
----------------------------
 There are 0 combinational latch loops in the design through latch input



------------------------------------------------------------------------------------------------
| Design Timing Summary
| ---------------------
------------------------------------------------------------------------------------------------

    WNS(ns)      TNS(ns)  TNS Failing Endpoints  TNS Total Endpoints      WHS(ns)      THS(ns)  THS Failing Endpoints  THS Total Endpoints     WPWS(ns)     TPWS(ns)  TPWS Failing Endpoints  TPWS Total Endpoints  
    -------      -------  ---------------------  -------------------      -------      -------  ---------------------  -------------------     --------     --------  ----------------------  --------------------  
      0.168        0.000                      0                 6554        0.060        0.000                      0                 6554        3.750        0.000                       0                  1138  


All user specified timing constraints are met.


------------------------------------------------------------------------------------------------
| Clock Summary
| -------------
------------------------------------------------------------------------------------------------

Clock        Waveform(ns)       Period(ns)      Frequency(MHz)
-----        ------------       ----------      --------------
sys_clk_pin  {0.000 5.000}      10.000          100.000         


------------------------------------------------------------------------------------------------
| Intra Clock Table
| -----------------
------------------------------------------------------------------------------------------------

Clock             WNS(ns)      TNS(ns)  TNS Failing Endpoints  TNS Total Endpoints      WHS(ns)      THS(ns)  THS Failing Endpoints  THS Total Endpoints     WPWS(ns)     TPWS(ns)  TPWS Failing Endpoints  TPWS Total Endpoints  
-----             -------      -------  ---------------------  -------------------      -------      -------  ---------------------  -------------------     --------     --------  ----------------------  --------------------  
sys_clk_pin         0.168        0.000                      0                 6554        0.060        0.000                      0                 6554        3.750        0.000                       0                  1138  


------------------------------------------------------------------------------------------------
| Inter Clock Table
| -----------------
------------------------------------------------------------------------------------------------

From Clock    To Clock          WNS(ns)      TNS(ns)  TNS Failing Endpoints  TNS Total Endpoints      WHS(ns)      THS(ns)  THS Failing Endpoints  THS Total Endpoints  
----------    --------          -------      -------  ---------------------  -------------------      -------      -------  ---------------------  -------------------  


------------------------------------------------------------------------------------------------
| Other Path Groups Table
| -----------------------
------------------------------------------------------------------------------------------------

Path Group    From Clock    To Clock          WNS(ns)      TNS(ns)  TNS Failing Endpoints  TNS Total Endpoints      WHS(ns)      THS(ns)  THS Failing Endpoints  THS Total Endpoints  
----------    ----------    --------          -------      -------  ---------------------  -------------------      -------      -------  ---------------------  -------------------  


------------------------------------------------------------------------------------------------
| Timing Details
| --------------
------------------------------------------------------------------------------------------------


---------------------------------------------------------------------------------------------------
From Clock:  sys_clk_pin
  To Clock:  sys_clk_pin

Setup :            0  Failing Endpoints,  Worst Slack        0.168ns,  Total Violation        0.000ns
Hold  :            0  Failing Endpoints,  Worst Slack        0.060ns,  Total Violation        0.000ns
PW    :            0  Failing Endpoints,  Worst Slack        3.750ns,  Total Violation        0.000ns
---------------------------------------------------------------------------------------------------


Max Delay Paths
--------------------------------------------------------------------------------------
Slack (MET) :             0.168ns  (required time - arrival time)
  Source:                 U_RV32I/U_DATAPATH/U_PC/U_PC_REG/register_reg[2]/C
                            (rising edge-triggered cell FDCE clocked by sys_clk_pin  {rise@0.000ns fall@5.000ns period=10.000ns})
  Destination:            U_RV32I/U_DATAPATH/U_PC/U_PCNEXT_REG/register_reg[29]/D
                            (rising edge-triggered cell FDCE clocked by sys_clk_pin  {rise@0.000ns fall@5.000ns period=10.000ns})
  Path Group:             sys_clk_pin
  Path Type:              Setup (Max at Slow Process Corner)
  Requirement:            10.000ns  (sys_clk_pin rise@10.000ns - sys_clk_pin rise@0.000ns)
  Data Path Delay:        9.778ns  (logic 2.413ns (24.677%)  route 7.365ns (75.323%))
  Logic Levels:           12  (CARRY4=3 LUT2=1 LUT3=1 LUT5=2 LUT6=5)
  Clock Path Skew:        -0.049ns (DCD - SCD + CPR)
    Destination Clock Delay (DCD):    4.775ns = ( 14.775 - 10.000 ) 
    Source Clock Delay      (SCD):    5.084ns
    Clock Pessimism Removal (CPR):    0.260ns
  Clock Uncertainty:      0.035ns  ((TSJ^2 + TIJ^2)^1/2 + DJ) / 2 + PE
    Total System Jitter     (TSJ):    0.071ns
    Total Input Jitter      (TIJ):    0.000ns
    Discrete Jitter          (DJ):    0.000ns
    Phase Error              (PE):    0.000ns

    Location             Delay type                Incr(ns)  Path(ns)    Netlist Resource(s)
  -------------------------------------------------------------------    -------------------
                         (clock sys_clk_pin rise edge)
                                                      0.000     0.000 r  
    W5                                                0.000     0.000 r  clk (IN)
                         net (fo=0)                   0.000     0.000    clk
    W5                   IBUF (Prop_ibuf_I_O)         1.458     1.458 r  clk_IBUF_inst/O
                         net (fo=1, routed)           1.967     3.425    clk_IBUF
    BUFGCTRL_X0Y0        BUFG (Prop_bufg_I_O)         0.096     3.521 r  clk_IBUF_BUFG_inst/O
                         net (fo=1137, routed)        1.563     5.084    U_RV32I/U_DATAPATH/U_PC/U_PC_REG/pclk
    SLICE_X35Y7          FDCE                                         r  U_RV32I/U_DATAPATH/U_PC/U_PC_REG/register_reg[2]/C
  -------------------------------------------------------------------    -------------------
    SLICE_X35Y7          FDCE (Prop_fdce_C_Q)         0.456     5.540 r  U_RV32I/U_DATAPATH/U_PC/U_PC_REG/register_reg[2]/Q
                         net (fo=134, routed)         1.113     6.653    U_INSTRUCTION_MEM/Q[0]
    SLICE_X33Y8          LUT6 (Prop_lut6_I2_O)        0.124     6.777 f  U_INSTRUCTION_MEM/c_state[2]_i_17/O
                         net (fo=1, routed)           0.563     7.340    U_INSTRUCTION_MEM/c_state[2]_i_17_n_0
    SLICE_X31Y8          LUT6 (Prop_lut6_I0_O)        0.124     7.464 f  U_INSTRUCTION_MEM/c_state[2]_i_9/O
                         net (fo=5, routed)           0.461     7.926    U_RV32I/U_DATAPATH/U_PC/U_PC_REG/instr_data[2]
    SLICE_X32Y8          LUT2 (Prop_lut2_I0_O)        0.124     8.050 f  U_RV32I/U_DATAPATH/U_PC/U_PC_REG/register_file_reg_r1_0_31_0_5_i_55/O
                         net (fo=12, routed)          0.683     8.733    U_RV32I/U_DATAPATH/U_PC/U_PC_REG/register_file_reg_r1_0_31_0_5_i_55_n_0
    SLICE_X33Y7          LUT6 (Prop_lut6_I3_O)        0.124     8.857 r  U_RV32I/U_DATAPATH/U_PC/U_PC_REG/i__carry_i_5__0/O
                         net (fo=87, routed)          1.027     9.884    U_RV32I/U_DATAPATH/U_DEC_IMM_EXT/register[31]_i_9
    SLICE_X35Y9          LUT3 (Prop_lut3_I1_O)        0.150    10.034 f  U_RV32I/U_DATAPATH/U_DEC_IMM_EXT/alu_result2_carry__0_i_9/O
                         net (fo=2, routed)           0.481    10.514    U_RV32I/U_DATAPATH/U_DEC_REG_RS1/alurs2_data__0[1]
    SLICE_X29Y9          LUT6 (Prop_lut6_I4_O)        0.326    10.840 r  U_RV32I/U_DATAPATH/U_DEC_REG_RS1/i__carry__0_i_1__0/O
                         net (fo=1, routed)           0.690    11.530    U_RV32I/U_DATAPATH/U_ALU/btaken0_inferred__1/i__carry__1_0[3]
    SLICE_X32Y10         CARRY4 (Prop_carry4_DI[3]_CO[3])
                                                      0.385    11.915 r  U_RV32I/U_DATAPATH/U_ALU/btaken0_inferred__1/i__carry__0/CO[3]
                         net (fo=1, routed)           0.000    11.915    U_RV32I/U_DATAPATH/U_ALU/btaken0_inferred__1/i__carry__0_n_0
    SLICE_X32Y11         CARRY4 (Prop_carry4_CI_CO[3])
                                                      0.114    12.029 r  U_RV32I/U_DATAPATH/U_ALU/btaken0_inferred__1/i__carry__1/CO[3]
                         net (fo=1, routed)           0.000    12.029    U_RV32I/U_DATAPATH/U_ALU/btaken0_inferred__1/i__carry__1_n_0
    SLICE_X32Y12         CARRY4 (Prop_carry4_CI_CO[3])
                                                      0.114    12.143 r  U_RV32I/U_DATAPATH/U_ALU/btaken0_inferred__1/i__carry__2/CO[3]
                         net (fo=1, routed)           1.088    13.231    U_RV32I/U_DATAPATH/U_DEC_IMM_EXT/register[31]_i_2__0_1[0]
    SLICE_X33Y14         LUT5 (Prop_lut5_I0_O)        0.124    13.355 r  U_RV32I/U_DATAPATH/U_DEC_IMM_EXT/register[31]_i_8/O
                         net (fo=1, routed)           0.403    13.758    U_RV32I/U_DATAPATH/U_DEC_IMM_EXT/register[31]_i_8_n_0
    SLICE_X33Y15         LUT5 (Prop_lut5_I2_O)        0.124    13.882 r  U_RV32I/U_DATAPATH/U_DEC_IMM_EXT/register[31]_i_2__0/O
                         net (fo=32, routed)          0.856    14.739    U_RV32I/U_DATAPATH/U_PC/U_PC_REG/register_reg[0]_5
    SLICE_X33Y19         LUT6 (Prop_lut6_I0_O)        0.124    14.863 r  U_RV32I/U_DATAPATH/U_PC/U_PC_REG/register[29]_i_1__2/O
                         net (fo=1, routed)           0.000    14.863    U_RV32I/U_DATAPATH/U_PC/U_PCNEXT_REG/D[29]
    SLICE_X33Y19         FDCE                                         r  U_RV32I/U_DATAPATH/U_PC/U_PCNEXT_REG/register_reg[29]/D
  -------------------------------------------------------------------    -------------------

                         (clock sys_clk_pin rise edge)
                                                     10.000    10.000 r  
    W5                                                0.000    10.000 r  clk (IN)
                         net (fo=0)                   0.000    10.000    clk
    W5                   IBUF (Prop_ibuf_I_O)         1.388    11.388 r  clk_IBUF_inst/O
                         net (fo=1, routed)           1.862    13.250    clk_IBUF
    BUFGCTRL_X0Y0        BUFG (Prop_bufg_I_O)         0.091    13.341 r  clk_IBUF_BUFG_inst/O
                         net (fo=1137, routed)        1.434    14.775    U_RV32I/U_DATAPATH/U_PC/U_PCNEXT_REG/pclk
    SLICE_X33Y19         FDCE                                         r  U_RV32I/U_DATAPATH/U_PC/U_PCNEXT_REG/register_reg[29]/C
                         clock pessimism              0.260    15.035    
                         clock uncertainty           -0.035    15.000    
    SLICE_X33Y19         FDCE (Setup_fdce_C_D)        0.031    15.031    U_RV32I/U_DATAPATH/U_PC/U_PCNEXT_REG/register_reg[29]
  -------------------------------------------------------------------
                         required time                         15.031    
                         arrival time                         -14.863    
  -------------------------------------------------------------------
                         slack                                  0.168    

Slack (MET) :             0.170ns  (required time - arrival time)
  Source:                 U_RV32I/U_DATAPATH/U_PC/U_PC_REG/register_reg[6]/C
                            (rising edge-triggered cell FDCE clocked by sys_clk_pin  {rise@0.000ns fall@5.000ns period=10.000ns})
  Destination:            U_RV32I/U_DATAPATH/U_REG_FILE/register_file_reg_r2_0_31_0_5/RAMA/I
                            (rising edge-triggered cell RAMD32 clocked by sys_clk_pin  {rise@0.000ns fall@5.000ns period=10.000ns})
  Path Group:             sys_clk_pin
  Path Type:              Setup (Max at Slow Process Corner)
  Requirement:            10.000ns  (sys_clk_pin rise@10.000ns - sys_clk_pin rise@0.000ns)
  Data Path Delay:        9.517ns  (logic 2.307ns (24.240%)  route 7.210ns (75.760%))
  Logic Levels:           12  (CARRY4=3 LUT3=2 LUT6=7)
  Clock Path Skew:        -0.116ns (DCD - SCD + CPR)
    Destination Clock Delay (DCD):    4.781ns = ( 14.781 - 10.000 ) 
    Source Clock Delay      (SCD):    5.085ns
    Clock Pessimism Removal (CPR):    0.188ns
  Clock Uncertainty:      0.035ns  ((TSJ^2 + TIJ^2)^1/2 + DJ) / 2 + PE
    Total System Jitter     (TSJ):    0.071ns
    Total Input Jitter      (TIJ):    0.000ns
    Discrete Jitter          (DJ):    0.000ns
    Phase Error              (PE):    0.000ns

    Location             Delay type                Incr(ns)  Path(ns)    Netlist Resource(s)
  -------------------------------------------------------------------    -------------------
                         (clock sys_clk_pin rise edge)
                                                      0.000     0.000 r  
    W5                                                0.000     0.000 r  clk (IN)
                         net (fo=0)                   0.000     0.000    clk
    W5                   IBUF (Prop_ibuf_I_O)         1.458     1.458 r  clk_IBUF_inst/O
                         net (fo=1, routed)           1.967     3.425    clk_IBUF
    BUFGCTRL_X0Y0        BUFG (Prop_bufg_I_O)         0.096     3.521 r  clk_IBUF_BUFG_inst/O
                         net (fo=1137, routed)        1.564     5.085    U_RV32I/U_DATAPATH/U_PC/U_PC_REG/pclk
    SLICE_X33Y7          FDCE                                         r  U_RV32I/U_DATAPATH/U_PC/U_PC_REG/register_reg[6]/C
  -------------------------------------------------------------------    -------------------
    SLICE_X33Y7          FDCE (Prop_fdce_C_Q)         0.456     5.541 r  U_RV32I/U_DATAPATH/U_PC/U_PC_REG/register_reg[6]/Q
                         net (fo=135, routed)         1.507     7.048    U_INSTRUCTION_MEM/Q[4]
    SLICE_X36Y6          LUT6 (Prop_lut6_I0_O)        0.124     7.172 f  U_INSTRUCTION_MEM/c_state[1]_i_7/O
                         net (fo=2, routed)           0.600     7.772    U_INSTRUCTION_MEM/c_state[1]_i_7_n_0
    SLICE_X35Y6          LUT6 (Prop_lut6_I1_O)        0.124     7.896 f  U_INSTRUCTION_MEM/c_state[1]_i_3/O
                         net (fo=19, routed)          0.947     8.843    U_RV32I/U_DATAPATH/U_PC/U_PC_REG/instr_data[3]
    SLICE_X36Y8          LUT6 (Prop_lut6_I4_O)        0.124     8.967 r  U_RV32I/U_DATAPATH/U_PC/U_PC_REG/alu_result2_carry_i_9/O
                         net (fo=87, routed)          0.903     9.870    U_RV32I/U_DATAPATH/U_DEC_IMM_EXT/register[7]_i_8_0
    SLICE_X35Y6          LUT3 (Prop_lut3_I1_O)        0.124     9.994 r  U_RV32I/U_DATAPATH/U_DEC_IMM_EXT/alu_result2_carry__0_i_11/O
                         net (fo=4, routed)           0.441    10.435    U_RV32I/U_DATAPATH/U_DEC_IMM_EXT/alurs2_data[11]
    SLICE_X35Y6          LUT6 (Prop_lut6_I5_O)        0.124    10.559 r  U_RV32I/U_DATAPATH/U_DEC_IMM_EXT/alu_result2_carry__0_i_3/O
                         net (fo=2, routed)           0.650    11.210    U_RV32I/U_DATAPATH/U_ALU/alu_result2_carry__1_0[1]
    SLICE_X33Y10         CARRY4 (Prop_carry4_DI[1]_CO[3])
                                                      0.507    11.717 r  U_RV32I/U_DATAPATH/U_ALU/alu_result2_inferred__0/i__carry__0/CO[3]
                         net (fo=1, routed)           0.000    11.717    U_RV32I/U_DATAPATH/U_ALU/alu_result2_inferred__0/i__carry__0_n_0
    SLICE_X33Y11         CARRY4 (Prop_carry4_CI_CO[3])
                                                      0.114    11.831 r  U_RV32I/U_DATAPATH/U_ALU/alu_result2_inferred__0/i__carry__1/CO[3]
                         net (fo=1, routed)           0.000    11.831    U_RV32I/U_DATAPATH/U_ALU/alu_result2_inferred__0/i__carry__1_n_0
    SLICE_X33Y12         CARRY4 (Prop_carry4_CI_CO[3])
                                                      0.114    11.945 r  U_RV32I/U_DATAPATH/U_ALU/alu_result2_inferred__0/i__carry__2/CO[3]
                         net (fo=2, routed)           1.047    12.992    U_RV32I/U_DATAPATH/U_DEC_IMM_EXT/register[31]_i_2__0_0[0]
    SLICE_X34Y15         LUT6 (Prop_lut6_I2_O)        0.124    13.116 r  U_RV32I/U_DATAPATH/U_DEC_IMM_EXT/register[0]_i_10/O
                         net (fo=1, routed)           0.162    13.278    U_RV32I/U_DATAPATH/U_PC/U_PC_REG/register_reg[0]_9
    SLICE_X34Y15         LUT3 (Prop_lut3_I2_O)        0.124    13.402 r  U_RV32I/U_DATAPATH/U_PC/U_PC_REG/register[0]_i_4/O
                         net (fo=1, routed)           0.309    13.711    U_RV32I/U_DATAPATH/U_PC/U_PC_REG/register[0]_i_4_n_0
    SLICE_X36Y15         LUT6 (Prop_lut6_I2_O)        0.124    13.835 r  U_RV32I/U_DATAPATH/U_PC/U_PC_REG/register[0]_i_1__0/O
                         net (fo=2, routed)           0.170    14.005    U_RV32I/U_DATAPATH/U_PC/U_PC_REG/register_reg[31]_2[0]
    SLICE_X36Y15         LUT6 (Prop_lut6_I5_O)        0.124    14.129 r  U_RV32I/U_DATAPATH/U_PC/U_PC_REG/register_file_reg_r1_0_31_0_5_i_3/O
                         net (fo=2, routed)           0.474    14.603    U_RV32I/U_DATAPATH/U_REG_FILE/register_file_reg_r2_0_31_0_5/DIA0
    SLICE_X38Y14         RAMD32                                       r  U_RV32I/U_DATAPATH/U_REG_FILE/register_file_reg_r2_0_31_0_5/RAMA/I
  -------------------------------------------------------------------    -------------------

                         (clock sys_clk_pin rise edge)
                                                     10.000    10.000 r  
    W5                                                0.000    10.000 r  clk (IN)
                         net (fo=0)                   0.000    10.000    clk
    W5                   IBUF (Prop_ibuf_I_O)         1.388    11.388 r  clk_IBUF_inst/O
                         net (fo=1, routed)           1.862    13.250    clk_IBUF
    BUFGCTRL_X0Y0        BUFG (Prop_bufg_I_O)         0.091    13.341 r  clk_IBUF_BUFG_inst/O
                         net (fo=1137, routed)        1.440    14.781    U_RV32I/U_DATAPATH/U_REG_FILE/register_file_reg_r2_0_31_0_5/WCLK
    SLICE_X38Y14         RAMD32                                       r  U_RV32I/U_DATAPATH/U_REG_FILE/register_file_reg_r2_0_31_0_5/RAMA/CLK
                         clock pessimism              0.188    14.969    
                         clock uncertainty           -0.035    14.934    
    SLICE_X38Y14         RAMD32 (Setup_ramd32_CLK_I)
                                                     -0.161    14.773    U_RV32I/U_DATAPATH/U_REG_FILE/register_file_reg_r2_0_31_0_5/RAMA
  -------------------------------------------------------------------
                         required time                         14.773    
                         arrival time                         -14.603    
  -------------------------------------------------------------------
                         slack                                  0.170    

Slack (MET) :             0.200ns  (required time - arrival time)
  Source:                 U_RV32I/U_DATAPATH/U_PC/U_PC_REG/register_reg[2]/C
                            (rising edge-triggered cell FDCE clocked by sys_clk_pin  {rise@0.000ns fall@5.000ns period=10.000ns})
  Destination:            U_RV32I/U_DATAPATH/U_PC/U_PCNEXT_REG/register_reg[31]/D
                            (rising edge-triggered cell FDCE clocked by sys_clk_pin  {rise@0.000ns fall@5.000ns period=10.000ns})
  Path Group:             sys_clk_pin
  Path Type:              Setup (Max at Slow Process Corner)
  Requirement:            10.000ns  (sys_clk_pin rise@10.000ns - sys_clk_pin rise@0.000ns)
  Data Path Delay:        9.747ns  (logic 2.413ns (24.756%)  route 7.334ns (75.244%))
  Logic Levels:           12  (CARRY4=3 LUT2=1 LUT3=1 LUT5=2 LUT6=5)
  Clock Path Skew:        -0.049ns (DCD - SCD + CPR)
    Destination Clock Delay (DCD):    4.775ns = ( 14.775 - 10.000 ) 
    Source Clock Delay      (SCD):    5.084ns
    Clock Pessimism Removal (CPR):    0.260ns
  Clock Uncertainty:      0.035ns  ((TSJ^2 + TIJ^2)^1/2 + DJ) / 2 + PE
    Total System Jitter     (TSJ):    0.071ns
    Total Input Jitter      (TIJ):    0.000ns
    Discrete Jitter          (DJ):    0.000ns
    Phase Error              (PE):    0.000ns

    Location             Delay type                Incr(ns)  Path(ns)    Netlist Resource(s)
  -------------------------------------------------------------------    -------------------
                         (clock sys_clk_pin rise edge)
                                                      0.000     0.000 r  
    W5                                                0.000     0.000 r  clk (IN)
                         net (fo=0)                   0.000     0.000    clk
    W5                   IBUF (Prop_ibuf_I_O)         1.458     1.458 r  clk_IBUF_inst/O
                         net (fo=1, routed)           1.967     3.425    clk_IBUF
    BUFGCTRL_X0Y0        BUFG (Prop_bufg_I_O)         0.096     3.521 r  clk_IBUF_BUFG_inst/O
                         net (fo=1137, routed)        1.563     5.084    U_RV32I/U_DATAPATH/U_PC/U_PC_REG/pclk
    SLICE_X35Y7          FDCE                                         r  U_RV32I/U_DATAPATH/U_PC/U_PC_REG/register_reg[2]/C
  -------------------------------------------------------------------    -------------------
    SLICE_X35Y7          FDCE (Prop_fdce_C_Q)         0.456     5.540 r  U_RV32I/U_DATAPATH/U_PC/U_PC_REG/register_reg[2]/Q
                         net (fo=134, routed)         1.113     6.653    U_INSTRUCTION_MEM/Q[0]
    SLICE_X33Y8          LUT6 (Prop_lut6_I2_O)        0.124     6.777 f  U_INSTRUCTION_MEM/c_state[2]_i_17/O
                         net (fo=1, routed)           0.563     7.340    U_INSTRUCTION_MEM/c_state[2]_i_17_n_0
    SLICE_X31Y8          LUT6 (Prop_lut6_I0_O)        0.124     7.464 f  U_INSTRUCTION_MEM/c_state[2]_i_9/O
                         net (fo=5, routed)           0.461     7.926    U_RV32I/U_DATAPATH/U_PC/U_PC_REG/instr_data[2]
    SLICE_X32Y8          LUT2 (Prop_lut2_I0_O)        0.124     8.050 f  U_RV32I/U_DATAPATH/U_PC/U_PC_REG/register_file_reg_r1_0_31_0_5_i_55/O
                         net (fo=12, routed)          0.683     8.733    U_RV32I/U_DATAPATH/U_PC/U_PC_REG/register_file_reg_r1_0_31_0_5_i_55_n_0
    SLICE_X33Y7          LUT6 (Prop_lut6_I3_O)        0.124     8.857 r  U_RV32I/U_DATAPATH/U_PC/U_PC_REG/i__carry_i_5__0/O
                         net (fo=87, routed)          1.027     9.884    U_RV32I/U_DATAPATH/U_DEC_IMM_EXT/register[31]_i_9
    SLICE_X35Y9          LUT3 (Prop_lut3_I1_O)        0.150    10.034 f  U_RV32I/U_DATAPATH/U_DEC_IMM_EXT/alu_result2_carry__0_i_9/O
                         net (fo=2, routed)           0.481    10.514    U_RV32I/U_DATAPATH/U_DEC_REG_RS1/alurs2_data__0[1]
    SLICE_X29Y9          LUT6 (Prop_lut6_I4_O)        0.326    10.840 r  U_RV32I/U_DATAPATH/U_DEC_REG_RS1/i__carry__0_i_1__0/O
                         net (fo=1, routed)           0.690    11.530    U_RV32I/U_DATAPATH/U_ALU/btaken0_inferred__1/i__carry__1_0[3]
    SLICE_X32Y10         CARRY4 (Prop_carry4_DI[3]_CO[3])
                                                      0.385    11.915 r  U_RV32I/U_DATAPATH/U_ALU/btaken0_inferred__1/i__carry__0/CO[3]
                         net (fo=1, routed)           0.000    11.915    U_RV32I/U_DATAPATH/U_ALU/btaken0_inferred__1/i__carry__0_n_0
    SLICE_X32Y11         CARRY4 (Prop_carry4_CI_CO[3])
                                                      0.114    12.029 r  U_RV32I/U_DATAPATH/U_ALU/btaken0_inferred__1/i__carry__1/CO[3]
                         net (fo=1, routed)           0.000    12.029    U_RV32I/U_DATAPATH/U_ALU/btaken0_inferred__1/i__carry__1_n_0
    SLICE_X32Y12         CARRY4 (Prop_carry4_CI_CO[3])
                                                      0.114    12.143 r  U_RV32I/U_DATAPATH/U_ALU/btaken0_inferred__1/i__carry__2/CO[3]
                         net (fo=1, routed)           1.088    13.231    U_RV32I/U_DATAPATH/U_DEC_IMM_EXT/register[31]_i_2__0_1[0]
    SLICE_X33Y14         LUT5 (Prop_lut5_I0_O)        0.124    13.355 r  U_RV32I/U_DATAPATH/U_DEC_IMM_EXT/register[31]_i_8/O
                         net (fo=1, routed)           0.403    13.758    U_RV32I/U_DATAPATH/U_DEC_IMM_EXT/register[31]_i_8_n_0
    SLICE_X33Y15         LUT5 (Prop_lut5_I2_O)        0.124    13.882 r  U_RV32I/U_DATAPATH/U_DEC_IMM_EXT/register[31]_i_2__0/O
                         net (fo=32, routed)          0.825    14.707    U_RV32I/U_DATAPATH/U_PC/U_PC_REG/register_reg[0]_5
    SLICE_X33Y20         LUT6 (Prop_lut6_I0_O)        0.124    14.831 r  U_RV32I/U_DATAPATH/U_PC/U_PC_REG/register[31]_i_1__3/O
                         net (fo=1, routed)           0.000    14.831    U_RV32I/U_DATAPATH/U_PC/U_PCNEXT_REG/D[31]
    SLICE_X33Y20         FDCE                                         r  U_RV32I/U_DATAPATH/U_PC/U_PCNEXT_REG/register_reg[31]/D
  -------------------------------------------------------------------    -------------------

                         (clock sys_clk_pin rise edge)
                                                     10.000    10.000 r  
    W5                                                0.000    10.000 r  clk (IN)
                         net (fo=0)                   0.000    10.000    clk
    W5                   IBUF (Prop_ibuf_I_O)         1.388    11.388 r  clk_IBUF_inst/O
                         net (fo=1, routed)           1.862    13.250    clk_IBUF
    BUFGCTRL_X0Y0        BUFG (Prop_bufg_I_O)         0.091    13.341 r  clk_IBUF_BUFG_inst/O
                         net (fo=1137, routed)        1.434    14.775    U_RV32I/U_DATAPATH/U_PC/U_PCNEXT_REG/pclk
    SLICE_X33Y20         FDCE                                         r  U_RV32I/U_DATAPATH/U_PC/U_PCNEXT_REG/register_reg[31]/C
                         clock pessimism              0.260    15.035    
                         clock uncertainty           -0.035    15.000    
    SLICE_X33Y20         FDCE (Setup_fdce_C_D)        0.031    15.031    U_RV32I/U_DATAPATH/U_PC/U_PCNEXT_REG/register_reg[31]
  -------------------------------------------------------------------
                         required time                         15.031    
                         arrival time                         -14.831    
  -------------------------------------------------------------------
                         slack                                  0.200    

Slack (MET) :             0.233ns  (required time - arrival time)
  Source:                 U_RV32I/U_DATAPATH/U_PC/U_PC_REG/register_reg[2]/C
                            (rising edge-triggered cell FDCE clocked by sys_clk_pin  {rise@0.000ns fall@5.000ns period=10.000ns})
  Destination:            U_RV32I/U_DATAPATH/U_PC/U_PCNEXT_REG/register_reg[27]/D
                            (rising edge-triggered cell FDCE clocked by sys_clk_pin  {rise@0.000ns fall@5.000ns period=10.000ns})
  Path Group:             sys_clk_pin
  Path Type:              Setup (Max at Slow Process Corner)
  Requirement:            10.000ns  (sys_clk_pin rise@10.000ns - sys_clk_pin rise@0.000ns)
  Data Path Delay:        9.711ns  (logic 2.413ns (24.847%)  route 7.298ns (75.152%))
  Logic Levels:           12  (CARRY4=3 LUT2=1 LUT3=1 LUT5=2 LUT6=5)
  Clock Path Skew:        -0.049ns (DCD - SCD + CPR)
    Destination Clock Delay (DCD):    4.775ns = ( 14.775 - 10.000 ) 
    Source Clock Delay      (SCD):    5.084ns
    Clock Pessimism Removal (CPR):    0.260ns
  Clock Uncertainty:      0.035ns  ((TSJ^2 + TIJ^2)^1/2 + DJ) / 2 + PE
    Total System Jitter     (TSJ):    0.071ns
    Total Input Jitter      (TIJ):    0.000ns
    Discrete Jitter          (DJ):    0.000ns
    Phase Error              (PE):    0.000ns

    Location             Delay type                Incr(ns)  Path(ns)    Netlist Resource(s)
  -------------------------------------------------------------------    -------------------
                         (clock sys_clk_pin rise edge)
                                                      0.000     0.000 r  
    W5                                                0.000     0.000 r  clk (IN)
                         net (fo=0)                   0.000     0.000    clk
    W5                   IBUF (Prop_ibuf_I_O)         1.458     1.458 r  clk_IBUF_inst/O
                         net (fo=1, routed)           1.967     3.425    clk_IBUF
    BUFGCTRL_X0Y0        BUFG (Prop_bufg_I_O)         0.096     3.521 r  clk_IBUF_BUFG_inst/O
                         net (fo=1137, routed)        1.563     5.084    U_RV32I/U_DATAPATH/U_PC/U_PC_REG/pclk
    SLICE_X35Y7          FDCE                                         r  U_RV32I/U_DATAPATH/U_PC/U_PC_REG/register_reg[2]/C
  -------------------------------------------------------------------    -------------------
    SLICE_X35Y7          FDCE (Prop_fdce_C_Q)         0.456     5.540 r  U_RV32I/U_DATAPATH/U_PC/U_PC_REG/register_reg[2]/Q
                         net (fo=134, routed)         1.113     6.653    U_INSTRUCTION_MEM/Q[0]
    SLICE_X33Y8          LUT6 (Prop_lut6_I2_O)        0.124     6.777 f  U_INSTRUCTION_MEM/c_state[2]_i_17/O
                         net (fo=1, routed)           0.563     7.340    U_INSTRUCTION_MEM/c_state[2]_i_17_n_0
    SLICE_X31Y8          LUT6 (Prop_lut6_I0_O)        0.124     7.464 f  U_INSTRUCTION_MEM/c_state[2]_i_9/O
                         net (fo=5, routed)           0.461     7.926    U_RV32I/U_DATAPATH/U_PC/U_PC_REG/instr_data[2]
    SLICE_X32Y8          LUT2 (Prop_lut2_I0_O)        0.124     8.050 f  U_RV32I/U_DATAPATH/U_PC/U_PC_REG/register_file_reg_r1_0_31_0_5_i_55/O
                         net (fo=12, routed)          0.683     8.733    U_RV32I/U_DATAPATH/U_PC/U_PC_REG/register_file_reg_r1_0_31_0_5_i_55_n_0
    SLICE_X33Y7          LUT6 (Prop_lut6_I3_O)        0.124     8.857 r  U_RV32I/U_DATAPATH/U_PC/U_PC_REG/i__carry_i_5__0/O
                         net (fo=87, routed)          1.027     9.884    U_RV32I/U_DATAPATH/U_DEC_IMM_EXT/register[31]_i_9
    SLICE_X35Y9          LUT3 (Prop_lut3_I1_O)        0.150    10.034 f  U_RV32I/U_DATAPATH/U_DEC_IMM_EXT/alu_result2_carry__0_i_9/O
                         net (fo=2, routed)           0.481    10.514    U_RV32I/U_DATAPATH/U_DEC_REG_RS1/alurs2_data__0[1]
    SLICE_X29Y9          LUT6 (Prop_lut6_I4_O)        0.326    10.840 r  U_RV32I/U_DATAPATH/U_DEC_REG_RS1/i__carry__0_i_1__0/O
                         net (fo=1, routed)           0.690    11.530    U_RV32I/U_DATAPATH/U_ALU/btaken0_inferred__1/i__carry__1_0[3]
    SLICE_X32Y10         CARRY4 (Prop_carry4_DI[3]_CO[3])
                                                      0.385    11.915 r  U_RV32I/U_DATAPATH/U_ALU/btaken0_inferred__1/i__carry__0/CO[3]
                         net (fo=1, routed)           0.000    11.915    U_RV32I/U_DATAPATH/U_ALU/btaken0_inferred__1/i__carry__0_n_0
    SLICE_X32Y11         CARRY4 (Prop_carry4_CI_CO[3])
                                                      0.114    12.029 r  U_RV32I/U_DATAPATH/U_ALU/btaken0_inferred__1/i__carry__1/CO[3]
                         net (fo=1, routed)           0.000    12.029    U_RV32I/U_DATAPATH/U_ALU/btaken0_inferred__1/i__carry__1_n_0
    SLICE_X32Y12         CARRY4 (Prop_carry4_CI_CO[3])
                                                      0.114    12.143 r  U_RV32I/U_DATAPATH/U_ALU/btaken0_inferred__1/i__carry__2/CO[3]
                         net (fo=1, routed)           1.088    13.231    U_RV32I/U_DATAPATH/U_DEC_IMM_EXT/register[31]_i_2__0_1[0]
    SLICE_X33Y14         LUT5 (Prop_lut5_I0_O)        0.124    13.355 r  U_RV32I/U_DATAPATH/U_DEC_IMM_EXT/register[31]_i_8/O
                         net (fo=1, routed)           0.403    13.758    U_RV32I/U_DATAPATH/U_DEC_IMM_EXT/register[31]_i_8_n_0
    SLICE_X33Y15         LUT5 (Prop_lut5_I2_O)        0.124    13.882 r  U_RV32I/U_DATAPATH/U_DEC_IMM_EXT/register[31]_i_2__0/O
                         net (fo=32, routed)          0.789    14.672    U_RV32I/U_DATAPATH/U_PC/U_PC_REG/register_reg[0]_5
    SLICE_X33Y20         LUT6 (Prop_lut6_I0_O)        0.124    14.796 r  U_RV32I/U_DATAPATH/U_PC/U_PC_REG/register[27]_i_1__1/O
                         net (fo=1, routed)           0.000    14.796    U_RV32I/U_DATAPATH/U_PC/U_PCNEXT_REG/D[27]
    SLICE_X33Y20         FDCE                                         r  U_RV32I/U_DATAPATH/U_PC/U_PCNEXT_REG/register_reg[27]/D
  -------------------------------------------------------------------    -------------------

                         (clock sys_clk_pin rise edge)
                                                     10.000    10.000 r  
    W5                                                0.000    10.000 r  clk (IN)
                         net (fo=0)                   0.000    10.000    clk
    W5                   IBUF (Prop_ibuf_I_O)         1.388    11.388 r  clk_IBUF_inst/O
                         net (fo=1, routed)           1.862    13.250    clk_IBUF
    BUFGCTRL_X0Y0        BUFG (Prop_bufg_I_O)         0.091    13.341 r  clk_IBUF_BUFG_inst/O
                         net (fo=1137, routed)        1.434    14.775    U_RV32I/U_DATAPATH/U_PC/U_PCNEXT_REG/pclk
    SLICE_X33Y20         FDCE                                         r  U_RV32I/U_DATAPATH/U_PC/U_PCNEXT_REG/register_reg[27]/C
                         clock pessimism              0.260    15.035    
                         clock uncertainty           -0.035    15.000    
    SLICE_X33Y20         FDCE (Setup_fdce_C_D)        0.029    15.029    U_RV32I/U_DATAPATH/U_PC/U_PCNEXT_REG/register_reg[27]
  -------------------------------------------------------------------
                         required time                         15.029    
                         arrival time                         -14.796    
  -------------------------------------------------------------------
                         slack                                  0.233    

Slack (MET) :             0.238ns  (required time - arrival time)
  Source:                 U_RV32I/U_DATAPATH/U_PC/U_PC_REG/register_reg[2]/C
                            (rising edge-triggered cell FDCE clocked by sys_clk_pin  {rise@0.000ns fall@5.000ns period=10.000ns})
  Destination:            U_RV32I/U_DATAPATH/U_PC/U_PCNEXT_REG/register_reg[30]/D
                            (rising edge-triggered cell FDCE clocked by sys_clk_pin  {rise@0.000ns fall@5.000ns period=10.000ns})
  Path Group:             sys_clk_pin
  Path Type:              Setup (Max at Slow Process Corner)
  Requirement:            10.000ns  (sys_clk_pin rise@10.000ns - sys_clk_pin rise@0.000ns)
  Data Path Delay:        9.708ns  (logic 2.413ns (24.855%)  route 7.295ns (75.145%))
  Logic Levels:           12  (CARRY4=3 LUT2=1 LUT3=1 LUT5=2 LUT6=5)
  Clock Path Skew:        -0.049ns (DCD - SCD + CPR)
    Destination Clock Delay (DCD):    4.775ns = ( 14.775 - 10.000 ) 
    Source Clock Delay      (SCD):    5.084ns
    Clock Pessimism Removal (CPR):    0.260ns
  Clock Uncertainty:      0.035ns  ((TSJ^2 + TIJ^2)^1/2 + DJ) / 2 + PE
    Total System Jitter     (TSJ):    0.071ns
    Total Input Jitter      (TIJ):    0.000ns
    Discrete Jitter          (DJ):    0.000ns
    Phase Error              (PE):    0.000ns

    Location             Delay type                Incr(ns)  Path(ns)    Netlist Resource(s)
  -------------------------------------------------------------------    -------------------
                         (clock sys_clk_pin rise edge)
                                                      0.000     0.000 r  
    W5                                                0.000     0.000 r  clk (IN)
                         net (fo=0)                   0.000     0.000    clk
    W5                   IBUF (Prop_ibuf_I_O)         1.458     1.458 r  clk_IBUF_inst/O
                         net (fo=1, routed)           1.967     3.425    clk_IBUF
    BUFGCTRL_X0Y0        BUFG (Prop_bufg_I_O)         0.096     3.521 r  clk_IBUF_BUFG_inst/O
                         net (fo=1137, routed)        1.563     5.084    U_RV32I/U_DATAPATH/U_PC/U_PC_REG/pclk
    SLICE_X35Y7          FDCE                                         r  U_RV32I/U_DATAPATH/U_PC/U_PC_REG/register_reg[2]/C
  -------------------------------------------------------------------    -------------------
    SLICE_X35Y7          FDCE (Prop_fdce_C_Q)         0.456     5.540 r  U_RV32I/U_DATAPATH/U_PC/U_PC_REG/register_reg[2]/Q
                         net (fo=134, routed)         1.113     6.653    U_INSTRUCTION_MEM/Q[0]
    SLICE_X33Y8          LUT6 (Prop_lut6_I2_O)        0.124     6.777 f  U_INSTRUCTION_MEM/c_state[2]_i_17/O
                         net (fo=1, routed)           0.563     7.340    U_INSTRUCTION_MEM/c_state[2]_i_17_n_0
    SLICE_X31Y8          LUT6 (Prop_lut6_I0_O)        0.124     7.464 f  U_INSTRUCTION_MEM/c_state[2]_i_9/O
                         net (fo=5, routed)           0.461     7.926    U_RV32I/U_DATAPATH/U_PC/U_PC_REG/instr_data[2]
    SLICE_X32Y8          LUT2 (Prop_lut2_I0_O)        0.124     8.050 f  U_RV32I/U_DATAPATH/U_PC/U_PC_REG/register_file_reg_r1_0_31_0_5_i_55/O
                         net (fo=12, routed)          0.683     8.733    U_RV32I/U_DATAPATH/U_PC/U_PC_REG/register_file_reg_r1_0_31_0_5_i_55_n_0
    SLICE_X33Y7          LUT6 (Prop_lut6_I3_O)        0.124     8.857 r  U_RV32I/U_DATAPATH/U_PC/U_PC_REG/i__carry_i_5__0/O
                         net (fo=87, routed)          1.027     9.884    U_RV32I/U_DATAPATH/U_DEC_IMM_EXT/register[31]_i_9
    SLICE_X35Y9          LUT3 (Prop_lut3_I1_O)        0.150    10.034 f  U_RV32I/U_DATAPATH/U_DEC_IMM_EXT/alu_result2_carry__0_i_9/O
                         net (fo=2, routed)           0.481    10.514    U_RV32I/U_DATAPATH/U_DEC_REG_RS1/alurs2_data__0[1]
    SLICE_X29Y9          LUT6 (Prop_lut6_I4_O)        0.326    10.840 r  U_RV32I/U_DATAPATH/U_DEC_REG_RS1/i__carry__0_i_1__0/O
                         net (fo=1, routed)           0.690    11.530    U_RV32I/U_DATAPATH/U_ALU/btaken0_inferred__1/i__carry__1_0[3]
    SLICE_X32Y10         CARRY4 (Prop_carry4_DI[3]_CO[3])
                                                      0.385    11.915 r  U_RV32I/U_DATAPATH/U_ALU/btaken0_inferred__1/i__carry__0/CO[3]
                         net (fo=1, routed)           0.000    11.915    U_RV32I/U_DATAPATH/U_ALU/btaken0_inferred__1/i__carry__0_n_0
    SLICE_X32Y11         CARRY4 (Prop_carry4_CI_CO[3])
                                                      0.114    12.029 r  U_RV32I/U_DATAPATH/U_ALU/btaken0_inferred__1/i__carry__1/CO[3]
                         net (fo=1, routed)           0.000    12.029    U_RV32I/U_DATAPATH/U_ALU/btaken0_inferred__1/i__carry__1_n_0
    SLICE_X32Y12         CARRY4 (Prop_carry4_CI_CO[3])
                                                      0.114    12.143 r  U_RV32I/U_DATAPATH/U_ALU/btaken0_inferred__1/i__carry__2/CO[3]
                         net (fo=1, routed)           1.088    13.231    U_RV32I/U_DATAPATH/U_DEC_IMM_EXT/register[31]_i_2__0_1[0]
    SLICE_X33Y14         LUT5 (Prop_lut5_I0_O)        0.124    13.355 r  U_RV32I/U_DATAPATH/U_DEC_IMM_EXT/register[31]_i_8/O
                         net (fo=1, routed)           0.403    13.758    U_RV32I/U_DATAPATH/U_DEC_IMM_EXT/register[31]_i_8_n_0
    SLICE_X33Y15         LUT5 (Prop_lut5_I2_O)        0.124    13.882 r  U_RV32I/U_DATAPATH/U_DEC_IMM_EXT/register[31]_i_2__0/O
                         net (fo=32, routed)          0.786    14.669    U_RV32I/U_DATAPATH/U_PC/U_PC_REG/register_reg[0]_5
    SLICE_X33Y20         LUT6 (Prop_lut6_I0_O)        0.124    14.793 r  U_RV32I/U_DATAPATH/U_PC/U_PC_REG/register[30]_i_1__2/O
                         net (fo=1, routed)           0.000    14.793    U_RV32I/U_DATAPATH/U_PC/U_PCNEXT_REG/D[30]
    SLICE_X33Y20         FDCE                                         r  U_RV32I/U_DATAPATH/U_PC/U_PCNEXT_REG/register_reg[30]/D
  -------------------------------------------------------------------    -------------------

                         (clock sys_clk_pin rise edge)
                                                     10.000    10.000 r  
    W5                                                0.000    10.000 r  clk (IN)
                         net (fo=0)                   0.000    10.000    clk
    W5                   IBUF (Prop_ibuf_I_O)         1.388    11.388 r  clk_IBUF_inst/O
                         net (fo=1, routed)           1.862    13.250    clk_IBUF
    BUFGCTRL_X0Y0        BUFG (Prop_bufg_I_O)         0.091    13.341 r  clk_IBUF_BUFG_inst/O
                         net (fo=1137, routed)        1.434    14.775    U_RV32I/U_DATAPATH/U_PC/U_PCNEXT_REG/pclk
    SLICE_X33Y20         FDCE                                         r  U_RV32I/U_DATAPATH/U_PC/U_PCNEXT_REG/register_reg[30]/C
                         clock pessimism              0.260    15.035    
                         clock uncertainty           -0.035    15.000    
    SLICE_X33Y20         FDCE (Setup_fdce_C_D)        0.031    15.031    U_RV32I/U_DATAPATH/U_PC/U_PCNEXT_REG/register_reg[30]
  -------------------------------------------------------------------
                         required time                         15.031    
                         arrival time                         -14.793    
  -------------------------------------------------------------------
                         slack                                  0.238    

Slack (MET) :             0.259ns  (required time - arrival time)
  Source:                 U_RV32I/U_DATAPATH/U_PC/U_PC_REG/register_reg[6]/C
                            (rising edge-triggered cell FDCE clocked by sys_clk_pin  {rise@0.000ns fall@5.000ns period=10.000ns})
  Destination:            U_RV32I/U_DATAPATH/U_REG_FILE/register_file_reg_r1_0_31_24_29/RAMB_D1/I
                            (rising edge-triggered cell RAMD32 clocked by sys_clk_pin  {rise@0.000ns fall@5.000ns period=10.000ns})
  Path Group:             sys_clk_pin
  Path Type:              Setup (Max at Slow Process Corner)
  Requirement:            10.000ns  (sys_clk_pin rise@10.000ns - sys_clk_pin rise@0.000ns)
  Data Path Delay:        9.430ns  (logic 3.063ns (32.483%)  route 6.367ns (67.517%))
  Logic Levels:           15  (CARRY4=7 LUT2=1 LUT3=1 LUT6=6)
  Clock Path Skew:        -0.048ns (DCD - SCD + CPR)
    Destination Clock Delay (DCD):    4.777ns = ( 14.777 - 10.000 ) 
    Source Clock Delay      (SCD):    5.085ns
    Clock Pessimism Removal (CPR):    0.260ns
  Clock Uncertainty:      0.035ns  ((TSJ^2 + TIJ^2)^1/2 + DJ) / 2 + PE
    Total System Jitter     (TSJ):    0.071ns
    Total Input Jitter      (TIJ):    0.000ns
    Discrete Jitter          (DJ):    0.000ns
    Phase Error              (PE):    0.000ns

    Location             Delay type                Incr(ns)  Path(ns)    Netlist Resource(s)
  -------------------------------------------------------------------    -------------------
                         (clock sys_clk_pin rise edge)
                                                      0.000     0.000 r  
    W5                                                0.000     0.000 r  clk (IN)
                         net (fo=0)                   0.000     0.000    clk
    W5                   IBUF (Prop_ibuf_I_O)         1.458     1.458 r  clk_IBUF_inst/O
                         net (fo=1, routed)           1.967     3.425    clk_IBUF
    BUFGCTRL_X0Y0        BUFG (Prop_bufg_I_O)         0.096     3.521 r  clk_IBUF_BUFG_inst/O
                         net (fo=1137, routed)        1.564     5.085    U_RV32I/U_DATAPATH/U_PC/U_PC_REG/pclk
    SLICE_X33Y7          FDCE                                         r  U_RV32I/U_DATAPATH/U_PC/U_PC_REG/register_reg[6]/C
  -------------------------------------------------------------------    -------------------
    SLICE_X33Y7          FDCE (Prop_fdce_C_Q)         0.456     5.541 r  U_RV32I/U_DATAPATH/U_PC/U_PC_REG/register_reg[6]/Q
                         net (fo=135, routed)         1.507     7.048    U_INSTRUCTION_MEM/Q[4]
    SLICE_X36Y6          LUT6 (Prop_lut6_I0_O)        0.124     7.172 f  U_INSTRUCTION_MEM/c_state[1]_i_7/O
                         net (fo=2, routed)           0.600     7.772    U_INSTRUCTION_MEM/c_state[1]_i_7_n_0
    SLICE_X35Y6          LUT6 (Prop_lut6_I1_O)        0.124     7.896 f  U_INSTRUCTION_MEM/c_state[1]_i_3/O
                         net (fo=19, routed)          0.947     8.843    U_RV32I/U_DATAPATH/U_PC/U_PC_REG/instr_data[3]
    SLICE_X36Y8          LUT6 (Prop_lut6_I4_O)        0.124     8.967 r  U_RV32I/U_DATAPATH/U_PC/U_PC_REG/alu_result2_carry_i_9/O
                         net (fo=87, routed)          0.619     9.587    U_RV32I/U_DATAPATH/U_DEC_IMM_EXT/register[7]_i_8_0
    SLICE_X36Y8          LUT3 (Prop_lut3_I1_O)        0.124     9.711 r  U_RV32I/U_DATAPATH/U_DEC_IMM_EXT/i__carry_i_6/O
                         net (fo=103, routed)         0.711    10.422    U_RV32I/U_DATAPATH/U_DEC_IMM_EXT/register_reg[10]_0[1]
    SLICE_X39Y10         LUT2 (Prop_lut2_I0_O)        0.124    10.546 r  U_RV32I/U_DATAPATH/U_DEC_IMM_EXT/register[3]_i_14/O
                         net (fo=1, routed)           0.000    10.546    U_RV32I/U_DATAPATH/U_DEC_REG_RS1/register[0]_i_12[1]
    SLICE_X39Y10         CARRY4 (Prop_carry4_S[1]_CO[3])
                                                      0.550    11.096 r  U_RV32I/U_DATAPATH/U_DEC_REG_RS1/register_reg[3]_i_9/CO[3]
                         net (fo=1, routed)           0.000    11.096    U_RV32I/U_DATAPATH/U_DEC_REG_RS1/register_reg[3]_i_9_n_0
    SLICE_X39Y11         CARRY4 (Prop_carry4_CI_CO[3])
                                                      0.114    11.210 r  U_RV32I/U_DATAPATH/U_DEC_REG_RS1/register_reg[7]_i_9/CO[3]
                         net (fo=1, routed)           0.000    11.210    U_RV32I/U_DATAPATH/U_DEC_REG_RS1/register_reg[7]_i_9_n_0
    SLICE_X39Y12         CARRY4 (Prop_carry4_CI_CO[3])
                                                      0.114    11.324 r  U_RV32I/U_DATAPATH/U_DEC_REG_RS1/register_reg[11]_i_9/CO[3]
                         net (fo=1, routed)           0.000    11.324    U_RV32I/U_DATAPATH/U_DEC_REG_RS1/register_reg[11]_i_9_n_0
    SLICE_X39Y13         CARRY4 (Prop_carry4_CI_CO[3])
                                                      0.114    11.438 r  U_RV32I/U_DATAPATH/U_DEC_REG_RS1/register_reg[15]_i_9/CO[3]
                         net (fo=1, routed)           0.000    11.438    U_RV32I/U_DATAPATH/U_DEC_REG_RS1/register_reg[15]_i_9_n_0
    SLICE_X39Y14         CARRY4 (Prop_carry4_CI_CO[3])
                                                      0.114    11.552 r  U_RV32I/U_DATAPATH/U_DEC_REG_RS1/register_file_reg_r1_0_31_12_17_i_36/CO[3]
                         net (fo=1, routed)           0.000    11.552    U_RV32I/U_DATAPATH/U_DEC_REG_RS1/register_file_reg_r1_0_31_12_17_i_36_n_0
    SLICE_X39Y15         CARRY4 (Prop_carry4_CI_CO[3])
                                                      0.114    11.666 r  U_RV32I/U_DATAPATH/U_DEC_REG_RS1/register_file_reg_r1_0_31_18_23_i_70/CO[3]
                         net (fo=1, routed)           0.000    11.666    U_RV32I/U_DATAPATH/U_DEC_REG_RS1/register_file_reg_r1_0_31_18_23_i_70_n_0
    SLICE_X39Y16         CARRY4 (Prop_carry4_CI_O[3])
                                                      0.313    11.979 r  U_RV32I/U_DATAPATH/U_DEC_REG_RS1/register_file_reg_r1_0_31_24_29_i_45/O[3]
                         net (fo=1, routed)           0.500    12.479    U_RV32I/U_DATAPATH/U_DEC_REG_RS1/U_ALU/data0[27]
    SLICE_X38Y18         LUT6 (Prop_lut6_I2_O)        0.306    12.785 r  U_RV32I/U_DATAPATH/U_DEC_REG_RS1/register_file_reg_r1_0_31_24_29_i_32/O
                         net (fo=1, routed)           0.413    13.197    U_RV32I/U_CONTROL_UNIT/register_file_reg_r1_0_31_24_29_i_3
    SLICE_X37Y17         LUT6 (Prop_lut6_I1_O)        0.124    13.321 r  U_RV32I/U_CONTROL_UNIT/register_file_reg_r1_0_31_24_29_i_15/O
                         net (fo=1, routed)           0.538    13.860    U_RV32I/U_DATAPATH/U_PC/U_PC_REG/register_file_reg_r1_0_31_24_29_5
    SLICE_X35Y16         LUT6 (Prop_lut6_I5_O)        0.124    13.984 r  U_RV32I/U_DATAPATH/U_PC/U_PC_REG/register_file_reg_r1_0_31_24_29_i_3/O
                         net (fo=2, routed)           0.531    14.515    U_RV32I/U_DATAPATH/U_REG_FILE/register_file_reg_r1_0_31_24_29/DIB1
    SLICE_X34Y17         RAMD32                                       r  U_RV32I/U_DATAPATH/U_REG_FILE/register_file_reg_r1_0_31_24_29/RAMB_D1/I
  -------------------------------------------------------------------    -------------------

                         (clock sys_clk_pin rise edge)
                                                     10.000    10.000 r  
    W5                                                0.000    10.000 r  clk (IN)
                         net (fo=0)                   0.000    10.000    clk
    W5                   IBUF (Prop_ibuf_I_O)         1.388    11.388 r  clk_IBUF_inst/O
                         net (fo=1, routed)           1.862    13.250    clk_IBUF
    BUFGCTRL_X0Y0        BUFG (Prop_bufg_I_O)         0.091    13.341 r  clk_IBUF_BUFG_inst/O
                         net (fo=1137, routed)        1.436    14.777    U_RV32I/U_DATAPATH/U_REG_FILE/register_file_reg_r1_0_31_24_29/WCLK
    SLICE_X34Y17         RAMD32                                       r  U_RV32I/U_DATAPATH/U_REG_FILE/register_file_reg_r1_0_31_24_29/RAMB_D1/CLK
                         clock pessimism              0.260    15.037    
                         clock uncertainty           -0.035    15.002    
    SLICE_X34Y17         RAMD32 (Setup_ramd32_CLK_I)
                                                     -0.228    14.774    U_RV32I/U_DATAPATH/U_REG_FILE/register_file_reg_r1_0_31_24_29/RAMB_D1
  -------------------------------------------------------------------
                         required time                         14.774    
                         arrival time                         -14.515    
  -------------------------------------------------------------------
                         slack                                  0.259    

Slack (MET) :             0.278ns  (required time - arrival time)
  Source:                 U_RV32I/U_DATAPATH/U_PC/U_PC_REG/register_reg[6]/C
                            (rising edge-triggered cell FDCE clocked by sys_clk_pin  {rise@0.000ns fall@5.000ns period=10.000ns})
  Destination:            U_RV32I/U_DATAPATH/U_REG_FILE/register_file_reg_r2_0_31_18_23/RAMB/I
                            (rising edge-triggered cell RAMD32 clocked by sys_clk_pin  {rise@0.000ns fall@5.000ns period=10.000ns})
  Path Group:             sys_clk_pin
  Path Type:              Setup (Max at Slow Process Corner)
  Requirement:            10.000ns  (sys_clk_pin rise@10.000ns - sys_clk_pin rise@0.000ns)
  Data Path Delay:        9.384ns  (logic 2.851ns (30.382%)  route 6.533ns (69.618%))
  Logic Levels:           14  (CARRY4=6 LUT2=1 LUT3=1 LUT6=6)
  Clock Path Skew:        -0.118ns (DCD - SCD + CPR)
    Destination Clock Delay (DCD):    4.779ns = ( 14.779 - 10.000 ) 
    Source Clock Delay      (SCD):    5.085ns
    Clock Pessimism Removal (CPR):    0.188ns
  Clock Uncertainty:      0.035ns  ((TSJ^2 + TIJ^2)^1/2 + DJ) / 2 + PE
    Total System Jitter     (TSJ):    0.071ns
    Total Input Jitter      (TIJ):    0.000ns
    Discrete Jitter          (DJ):    0.000ns
    Phase Error              (PE):    0.000ns

    Location             Delay type                Incr(ns)  Path(ns)    Netlist Resource(s)
  -------------------------------------------------------------------    -------------------
                         (clock sys_clk_pin rise edge)
                                                      0.000     0.000 r  
    W5                                                0.000     0.000 r  clk (IN)
                         net (fo=0)                   0.000     0.000    clk
    W5                   IBUF (Prop_ibuf_I_O)         1.458     1.458 r  clk_IBUF_inst/O
                         net (fo=1, routed)           1.967     3.425    clk_IBUF
    BUFGCTRL_X0Y0        BUFG (Prop_bufg_I_O)         0.096     3.521 r  clk_IBUF_BUFG_inst/O
                         net (fo=1137, routed)        1.564     5.085    U_RV32I/U_DATAPATH/U_PC/U_PC_REG/pclk
    SLICE_X33Y7          FDCE                                         r  U_RV32I/U_DATAPATH/U_PC/U_PC_REG/register_reg[6]/C
  -------------------------------------------------------------------    -------------------
    SLICE_X33Y7          FDCE (Prop_fdce_C_Q)         0.456     5.541 r  U_RV32I/U_DATAPATH/U_PC/U_PC_REG/register_reg[6]/Q
                         net (fo=135, routed)         1.507     7.048    U_INSTRUCTION_MEM/Q[4]
    SLICE_X36Y6          LUT6 (Prop_lut6_I0_O)        0.124     7.172 f  U_INSTRUCTION_MEM/c_state[1]_i_7/O
                         net (fo=2, routed)           0.600     7.772    U_INSTRUCTION_MEM/c_state[1]_i_7_n_0
    SLICE_X35Y6          LUT6 (Prop_lut6_I1_O)        0.124     7.896 f  U_INSTRUCTION_MEM/c_state[1]_i_3/O
                         net (fo=19, routed)          0.947     8.843    U_RV32I/U_DATAPATH/U_PC/U_PC_REG/instr_data[3]
    SLICE_X36Y8          LUT6 (Prop_lut6_I4_O)        0.124     8.967 r  U_RV32I/U_DATAPATH/U_PC/U_PC_REG/alu_result2_carry_i_9/O
                         net (fo=87, routed)          0.619     9.587    U_RV32I/U_DATAPATH/U_DEC_IMM_EXT/register[7]_i_8_0
    SLICE_X36Y8          LUT3 (Prop_lut3_I1_O)        0.124     9.711 r  U_RV32I/U_DATAPATH/U_DEC_IMM_EXT/i__carry_i_6/O
                         net (fo=103, routed)         0.711    10.422    U_RV32I/U_DATAPATH/U_DEC_IMM_EXT/register_reg[10]_0[1]
    SLICE_X39Y10         LUT2 (Prop_lut2_I0_O)        0.124    10.546 r  U_RV32I/U_DATAPATH/U_DEC_IMM_EXT/register[3]_i_14/O
                         net (fo=1, routed)           0.000    10.546    U_RV32I/U_DATAPATH/U_DEC_REG_RS1/register[0]_i_12[1]
    SLICE_X39Y10         CARRY4 (Prop_carry4_S[1]_CO[3])
                                                      0.550    11.096 r  U_RV32I/U_DATAPATH/U_DEC_REG_RS1/register_reg[3]_i_9/CO[3]
                         net (fo=1, routed)           0.000    11.096    U_RV32I/U_DATAPATH/U_DEC_REG_RS1/register_reg[3]_i_9_n_0
    SLICE_X39Y11         CARRY4 (Prop_carry4_CI_CO[3])
                                                      0.114    11.210 r  U_RV32I/U_DATAPATH/U_DEC_REG_RS1/register_reg[7]_i_9/CO[3]
                         net (fo=1, routed)           0.000    11.210    U_RV32I/U_DATAPATH/U_DEC_REG_RS1/register_reg[7]_i_9_n_0
    SLICE_X39Y12         CARRY4 (Prop_carry4_CI_CO[3])
                                                      0.114    11.324 r  U_RV32I/U_DATAPATH/U_DEC_REG_RS1/register_reg[11]_i_9/CO[3]
                         net (fo=1, routed)           0.000    11.324    U_RV32I/U_DATAPATH/U_DEC_REG_RS1/register_reg[11]_i_9_n_0
    SLICE_X39Y13         CARRY4 (Prop_carry4_CI_CO[3])
                                                      0.114    11.438 r  U_RV32I/U_DATAPATH/U_DEC_REG_RS1/register_reg[15]_i_9/CO[3]
                         net (fo=1, routed)           0.000    11.438    U_RV32I/U_DATAPATH/U_DEC_REG_RS1/register_reg[15]_i_9_n_0
    SLICE_X39Y14         CARRY4 (Prop_carry4_CI_CO[3])
                                                      0.114    11.552 r  U_RV32I/U_DATAPATH/U_DEC_REG_RS1/register_file_reg_r1_0_31_12_17_i_36/CO[3]
                         net (fo=1, routed)           0.000    11.552    U_RV32I/U_DATAPATH/U_DEC_REG_RS1/register_file_reg_r1_0_31_12_17_i_36_n_0
    SLICE_X39Y15         CARRY4 (Prop_carry4_CI_O[0])
                                                      0.222    11.774 r  U_RV32I/U_DATAPATH/U_DEC_REG_RS1/register_file_reg_r1_0_31_18_23_i_70/O[0]
                         net (fo=1, routed)           0.458    12.232    U_RV32I/U_DATAPATH/U_DEC_REG_RS1/U_ALU/data0[20]
    SLICE_X42Y17         LUT6 (Prop_lut6_I2_O)        0.299    12.531 r  U_RV32I/U_DATAPATH/U_DEC_REG_RS1/register_file_reg_r1_0_31_18_23_i_42/O
                         net (fo=1, routed)           0.761    13.292    U_RV32I/U_CONTROL_UNIT/register_file_reg_r1_0_31_18_23_i_4_0
    SLICE_X42Y18         LUT6 (Prop_lut6_I3_O)        0.124    13.416 r  U_RV32I/U_CONTROL_UNIT/register_file_reg_r1_0_31_18_23_i_18/O
                         net (fo=1, routed)           0.426    13.842    U_RV32I/U_DATAPATH/U_PC/U_PC_REG/register_file_reg_r1_0_31_18_23_4
    SLICE_X41Y18         LUT6 (Prop_lut6_I5_O)        0.124    13.966 r  U_RV32I/U_DATAPATH/U_PC/U_PC_REG/register_file_reg_r1_0_31_18_23_i_4/O
                         net (fo=2, routed)           0.503    14.469    U_RV32I/U_DATAPATH/U_REG_FILE/register_file_reg_r2_0_31_18_23/DIB0
    SLICE_X38Y16         RAMD32                                       r  U_RV32I/U_DATAPATH/U_REG_FILE/register_file_reg_r2_0_31_18_23/RAMB/I
  -------------------------------------------------------------------    -------------------

                         (clock sys_clk_pin rise edge)
                                                     10.000    10.000 r  
    W5                                                0.000    10.000 r  clk (IN)
                         net (fo=0)                   0.000    10.000    clk
    W5                   IBUF (Prop_ibuf_I_O)         1.388    11.388 r  clk_IBUF_inst/O
                         net (fo=1, routed)           1.862    13.250    clk_IBUF
    BUFGCTRL_X0Y0        BUFG (Prop_bufg_I_O)         0.091    13.341 r  clk_IBUF_BUFG_inst/O
                         net (fo=1137, routed)        1.438    14.779    U_RV32I/U_DATAPATH/U_REG_FILE/register_file_reg_r2_0_31_18_23/WCLK
    SLICE_X38Y16         RAMD32                                       r  U_RV32I/U_DATAPATH/U_REG_FILE/register_file_reg_r2_0_31_18_23/RAMB/CLK
                         clock pessimism              0.188    14.967    
                         clock uncertainty           -0.035    14.932    
    SLICE_X38Y16         RAMD32 (Setup_ramd32_CLK_I)
                                                     -0.185    14.747    U_RV32I/U_DATAPATH/U_REG_FILE/register_file_reg_r2_0_31_18_23/RAMB
  -------------------------------------------------------------------
                         required time                         14.747    
                         arrival time                         -14.469    
  -------------------------------------------------------------------
                         slack                                  0.278    

Slack (MET) :             0.291ns  (required time - arrival time)
  Source:                 U_RV32I/U_DATAPATH/U_PC/U_PC_REG/register_reg[2]/C
                            (rising edge-triggered cell FDCE clocked by sys_clk_pin  {rise@0.000ns fall@5.000ns period=10.000ns})
  Destination:            U_RV32I/U_DATAPATH/U_PC/U_PCNEXT_REG/register_reg[28]/D
                            (rising edge-triggered cell FDCE clocked by sys_clk_pin  {rise@0.000ns fall@5.000ns period=10.000ns})
  Path Group:             sys_clk_pin
  Path Type:              Setup (Max at Slow Process Corner)
  Requirement:            10.000ns  (sys_clk_pin rise@10.000ns - sys_clk_pin rise@0.000ns)
  Data Path Delay:        9.654ns  (logic 2.413ns (24.995%)  route 7.241ns (75.005%))
  Logic Levels:           12  (CARRY4=3 LUT2=1 LUT3=1 LUT5=2 LUT6=5)
  Clock Path Skew:        -0.049ns (DCD - SCD + CPR)
    Destination Clock Delay (DCD):    4.775ns = ( 14.775 - 10.000 ) 
    Source Clock Delay      (SCD):    5.084ns
    Clock Pessimism Removal (CPR):    0.260ns
  Clock Uncertainty:      0.035ns  ((TSJ^2 + TIJ^2)^1/2 + DJ) / 2 + PE
    Total System Jitter     (TSJ):    0.071ns
    Total Input Jitter      (TIJ):    0.000ns
    Discrete Jitter          (DJ):    0.000ns
    Phase Error              (PE):    0.000ns

    Location             Delay type                Incr(ns)  Path(ns)    Netlist Resource(s)
  -------------------------------------------------------------------    -------------------
                         (clock sys_clk_pin rise edge)
                                                      0.000     0.000 r  
    W5                                                0.000     0.000 r  clk (IN)
                         net (fo=0)                   0.000     0.000    clk
    W5                   IBUF (Prop_ibuf_I_O)         1.458     1.458 r  clk_IBUF_inst/O
                         net (fo=1, routed)           1.967     3.425    clk_IBUF
    BUFGCTRL_X0Y0        BUFG (Prop_bufg_I_O)         0.096     3.521 r  clk_IBUF_BUFG_inst/O
                         net (fo=1137, routed)        1.563     5.084    U_RV32I/U_DATAPATH/U_PC/U_PC_REG/pclk
    SLICE_X35Y7          FDCE                                         r  U_RV32I/U_DATAPATH/U_PC/U_PC_REG/register_reg[2]/C
  -------------------------------------------------------------------    -------------------
    SLICE_X35Y7          FDCE (Prop_fdce_C_Q)         0.456     5.540 r  U_RV32I/U_DATAPATH/U_PC/U_PC_REG/register_reg[2]/Q
                         net (fo=134, routed)         1.113     6.653    U_INSTRUCTION_MEM/Q[0]
    SLICE_X33Y8          LUT6 (Prop_lut6_I2_O)        0.124     6.777 f  U_INSTRUCTION_MEM/c_state[2]_i_17/O
                         net (fo=1, routed)           0.563     7.340    U_INSTRUCTION_MEM/c_state[2]_i_17_n_0
    SLICE_X31Y8          LUT6 (Prop_lut6_I0_O)        0.124     7.464 f  U_INSTRUCTION_MEM/c_state[2]_i_9/O
                         net (fo=5, routed)           0.461     7.926    U_RV32I/U_DATAPATH/U_PC/U_PC_REG/instr_data[2]
    SLICE_X32Y8          LUT2 (Prop_lut2_I0_O)        0.124     8.050 f  U_RV32I/U_DATAPATH/U_PC/U_PC_REG/register_file_reg_r1_0_31_0_5_i_55/O
                         net (fo=12, routed)          0.683     8.733    U_RV32I/U_DATAPATH/U_PC/U_PC_REG/register_file_reg_r1_0_31_0_5_i_55_n_0
    SLICE_X33Y7          LUT6 (Prop_lut6_I3_O)        0.124     8.857 r  U_RV32I/U_DATAPATH/U_PC/U_PC_REG/i__carry_i_5__0/O
                         net (fo=87, routed)          1.027     9.884    U_RV32I/U_DATAPATH/U_DEC_IMM_EXT/register[31]_i_9
    SLICE_X35Y9          LUT3 (Prop_lut3_I1_O)        0.150    10.034 f  U_RV32I/U_DATAPATH/U_DEC_IMM_EXT/alu_result2_carry__0_i_9/O
                         net (fo=2, routed)           0.481    10.514    U_RV32I/U_DATAPATH/U_DEC_REG_RS1/alurs2_data__0[1]
    SLICE_X29Y9          LUT6 (Prop_lut6_I4_O)        0.326    10.840 r  U_RV32I/U_DATAPATH/U_DEC_REG_RS1/i__carry__0_i_1__0/O
                         net (fo=1, routed)           0.690    11.530    U_RV32I/U_DATAPATH/U_ALU/btaken0_inferred__1/i__carry__1_0[3]
    SLICE_X32Y10         CARRY4 (Prop_carry4_DI[3]_CO[3])
                                                      0.385    11.915 r  U_RV32I/U_DATAPATH/U_ALU/btaken0_inferred__1/i__carry__0/CO[3]
                         net (fo=1, routed)           0.000    11.915    U_RV32I/U_DATAPATH/U_ALU/btaken0_inferred__1/i__carry__0_n_0
    SLICE_X32Y11         CARRY4 (Prop_carry4_CI_CO[3])
                                                      0.114    12.029 r  U_RV32I/U_DATAPATH/U_ALU/btaken0_inferred__1/i__carry__1/CO[3]
                         net (fo=1, routed)           0.000    12.029    U_RV32I/U_DATAPATH/U_ALU/btaken0_inferred__1/i__carry__1_n_0
    SLICE_X32Y12         CARRY4 (Prop_carry4_CI_CO[3])
                                                      0.114    12.143 r  U_RV32I/U_DATAPATH/U_ALU/btaken0_inferred__1/i__carry__2/CO[3]
                         net (fo=1, routed)           1.088    13.231    U_RV32I/U_DATAPATH/U_DEC_IMM_EXT/register[31]_i_2__0_1[0]
    SLICE_X33Y14         LUT5 (Prop_lut5_I0_O)        0.124    13.355 r  U_RV32I/U_DATAPATH/U_DEC_IMM_EXT/register[31]_i_8/O
                         net (fo=1, routed)           0.403    13.758    U_RV32I/U_DATAPATH/U_DEC_IMM_EXT/register[31]_i_8_n_0
    SLICE_X33Y15         LUT5 (Prop_lut5_I2_O)        0.124    13.882 r  U_RV32I/U_DATAPATH/U_DEC_IMM_EXT/register[31]_i_2__0/O
                         net (fo=32, routed)          0.732    14.614    U_RV32I/U_DATAPATH/U_PC/U_PC_REG/register_reg[0]_5
    SLICE_X33Y19         LUT6 (Prop_lut6_I0_O)        0.124    14.738 r  U_RV32I/U_DATAPATH/U_PC/U_PC_REG/register[28]_i_1__2/O
                         net (fo=1, routed)           0.000    14.738    U_RV32I/U_DATAPATH/U_PC/U_PCNEXT_REG/D[28]
    SLICE_X33Y19         FDCE                                         r  U_RV32I/U_DATAPATH/U_PC/U_PCNEXT_REG/register_reg[28]/D
  -------------------------------------------------------------------    -------------------

                         (clock sys_clk_pin rise edge)
                                                     10.000    10.000 r  
    W5                                                0.000    10.000 r  clk (IN)
                         net (fo=0)                   0.000    10.000    clk
    W5                   IBUF (Prop_ibuf_I_O)         1.388    11.388 r  clk_IBUF_inst/O
                         net (fo=1, routed)           1.862    13.250    clk_IBUF
    BUFGCTRL_X0Y0        BUFG (Prop_bufg_I_O)         0.091    13.341 r  clk_IBUF_BUFG_inst/O
                         net (fo=1137, routed)        1.434    14.775    U_RV32I/U_DATAPATH/U_PC/U_PCNEXT_REG/pclk
    SLICE_X33Y19         FDCE                                         r  U_RV32I/U_DATAPATH/U_PC/U_PCNEXT_REG/register_reg[28]/C
                         clock pessimism              0.260    15.035    
                         clock uncertainty           -0.035    15.000    
    SLICE_X33Y19         FDCE (Setup_fdce_C_D)        0.029    15.029    U_RV32I/U_DATAPATH/U_PC/U_PCNEXT_REG/register_reg[28]
  -------------------------------------------------------------------
                         required time                         15.029    
                         arrival time                         -14.738    
  -------------------------------------------------------------------
                         slack                                  0.291    

Slack (MET) :             0.301ns  (required time - arrival time)
  Source:                 U_RV32I/U_DATAPATH/U_PC/U_PC_REG/register_reg[2]/C
                            (rising edge-triggered cell FDCE clocked by sys_clk_pin  {rise@0.000ns fall@5.000ns period=10.000ns})
  Destination:            U_RV32I/U_DATAPATH/U_PC/U_PCNEXT_REG/register_reg[5]/D
                            (rising edge-triggered cell FDCE clocked by sys_clk_pin  {rise@0.000ns fall@5.000ns period=10.000ns})
  Path Group:             sys_clk_pin
  Path Type:              Setup (Max at Slow Process Corner)
  Requirement:            10.000ns  (sys_clk_pin rise@10.000ns - sys_clk_pin rise@0.000ns)
  Data Path Delay:        9.699ns  (logic 2.413ns (24.878%)  route 7.286ns (75.122%))
  Logic Levels:           12  (CARRY4=3 LUT2=1 LUT3=1 LUT5=2 LUT6=5)
  Clock Path Skew:        -0.041ns (DCD - SCD + CPR)
    Destination Clock Delay (DCD):    4.783ns = ( 14.783 - 10.000 ) 
    Source Clock Delay      (SCD):    5.084ns
    Clock Pessimism Removal (CPR):    0.260ns
  Clock Uncertainty:      0.035ns  ((TSJ^2 + TIJ^2)^1/2 + DJ) / 2 + PE
    Total System Jitter     (TSJ):    0.071ns
    Total Input Jitter      (TIJ):    0.000ns
    Discrete Jitter          (DJ):    0.000ns
    Phase Error              (PE):    0.000ns

    Location             Delay type                Incr(ns)  Path(ns)    Netlist Resource(s)
  -------------------------------------------------------------------    -------------------
                         (clock sys_clk_pin rise edge)
                                                      0.000     0.000 r  
    W5                                                0.000     0.000 r  clk (IN)
                         net (fo=0)                   0.000     0.000    clk
    W5                   IBUF (Prop_ibuf_I_O)         1.458     1.458 r  clk_IBUF_inst/O
                         net (fo=1, routed)           1.967     3.425    clk_IBUF
    BUFGCTRL_X0Y0        BUFG (Prop_bufg_I_O)         0.096     3.521 r  clk_IBUF_BUFG_inst/O
                         net (fo=1137, routed)        1.563     5.084    U_RV32I/U_DATAPATH/U_PC/U_PC_REG/pclk
    SLICE_X35Y7          FDCE                                         r  U_RV32I/U_DATAPATH/U_PC/U_PC_REG/register_reg[2]/C
  -------------------------------------------------------------------    -------------------
    SLICE_X35Y7          FDCE (Prop_fdce_C_Q)         0.456     5.540 r  U_RV32I/U_DATAPATH/U_PC/U_PC_REG/register_reg[2]/Q
                         net (fo=134, routed)         1.113     6.653    U_INSTRUCTION_MEM/Q[0]
    SLICE_X33Y8          LUT6 (Prop_lut6_I2_O)        0.124     6.777 f  U_INSTRUCTION_MEM/c_state[2]_i_17/O
                         net (fo=1, routed)           0.563     7.340    U_INSTRUCTION_MEM/c_state[2]_i_17_n_0
    SLICE_X31Y8          LUT6 (Prop_lut6_I0_O)        0.124     7.464 f  U_INSTRUCTION_MEM/c_state[2]_i_9/O
                         net (fo=5, routed)           0.461     7.926    U_RV32I/U_DATAPATH/U_PC/U_PC_REG/instr_data[2]
    SLICE_X32Y8          LUT2 (Prop_lut2_I0_O)        0.124     8.050 f  U_RV32I/U_DATAPATH/U_PC/U_PC_REG/register_file_reg_r1_0_31_0_5_i_55/O
                         net (fo=12, routed)          0.683     8.733    U_RV32I/U_DATAPATH/U_PC/U_PC_REG/register_file_reg_r1_0_31_0_5_i_55_n_0
    SLICE_X33Y7          LUT6 (Prop_lut6_I3_O)        0.124     8.857 r  U_RV32I/U_DATAPATH/U_PC/U_PC_REG/i__carry_i_5__0/O
                         net (fo=87, routed)          1.027     9.884    U_RV32I/U_DATAPATH/U_DEC_IMM_EXT/register[31]_i_9
    SLICE_X35Y9          LUT3 (Prop_lut3_I1_O)        0.150    10.034 f  U_RV32I/U_DATAPATH/U_DEC_IMM_EXT/alu_result2_carry__0_i_9/O
                         net (fo=2, routed)           0.481    10.514    U_RV32I/U_DATAPATH/U_DEC_REG_RS1/alurs2_data__0[1]
    SLICE_X29Y9          LUT6 (Prop_lut6_I4_O)        0.326    10.840 r  U_RV32I/U_DATAPATH/U_DEC_REG_RS1/i__carry__0_i_1__0/O
                         net (fo=1, routed)           0.690    11.530    U_RV32I/U_DATAPATH/U_ALU/btaken0_inferred__1/i__carry__1_0[3]
    SLICE_X32Y10         CARRY4 (Prop_carry4_DI[3]_CO[3])
                                                      0.385    11.915 r  U_RV32I/U_DATAPATH/U_ALU/btaken0_inferred__1/i__carry__0/CO[3]
                         net (fo=1, routed)           0.000    11.915    U_RV32I/U_DATAPATH/U_ALU/btaken0_inferred__1/i__carry__0_n_0
    SLICE_X32Y11         CARRY4 (Prop_carry4_CI_CO[3])
                                                      0.114    12.029 r  U_RV32I/U_DATAPATH/U_ALU/btaken0_inferred__1/i__carry__1/CO[3]
                         net (fo=1, routed)           0.000    12.029    U_RV32I/U_DATAPATH/U_ALU/btaken0_inferred__1/i__carry__1_n_0
    SLICE_X32Y12         CARRY4 (Prop_carry4_CI_CO[3])
                                                      0.114    12.143 r  U_RV32I/U_DATAPATH/U_ALU/btaken0_inferred__1/i__carry__2/CO[3]
                         net (fo=1, routed)           1.088    13.231    U_RV32I/U_DATAPATH/U_DEC_IMM_EXT/register[31]_i_2__0_1[0]
    SLICE_X33Y14         LUT5 (Prop_lut5_I0_O)        0.124    13.355 r  U_RV32I/U_DATAPATH/U_DEC_IMM_EXT/register[31]_i_8/O
                         net (fo=1, routed)           0.403    13.758    U_RV32I/U_DATAPATH/U_DEC_IMM_EXT/register[31]_i_8_n_0
    SLICE_X33Y15         LUT5 (Prop_lut5_I2_O)        0.124    13.882 r  U_RV32I/U_DATAPATH/U_DEC_IMM_EXT/register[31]_i_2__0/O
                         net (fo=32, routed)          0.777    14.660    U_RV32I/U_DATAPATH/U_PC/U_PC_REG/register_reg[0]_5
    SLICE_X30Y11         LUT6 (Prop_lut6_I0_O)        0.124    14.784 r  U_RV32I/U_DATAPATH/U_PC/U_PC_REG/register[5]_i_1__2/O
                         net (fo=1, routed)           0.000    14.784    U_RV32I/U_DATAPATH/U_PC/U_PCNEXT_REG/D[5]
    SLICE_X30Y11         FDCE                                         r  U_RV32I/U_DATAPATH/U_PC/U_PCNEXT_REG/register_reg[5]/D
  -------------------------------------------------------------------    -------------------

                         (clock sys_clk_pin rise edge)
                                                     10.000    10.000 r  
    W5                                                0.000    10.000 r  clk (IN)
                         net (fo=0)                   0.000    10.000    clk
    W5                   IBUF (Prop_ibuf_I_O)         1.388    11.388 r  clk_IBUF_inst/O
                         net (fo=1, routed)           1.862    13.250    clk_IBUF
    BUFGCTRL_X0Y0        BUFG (Prop_bufg_I_O)         0.091    13.341 r  clk_IBUF_BUFG_inst/O
                         net (fo=1137, routed)        1.442    14.783    U_RV32I/U_DATAPATH/U_PC/U_PCNEXT_REG/pclk
    SLICE_X30Y11         FDCE                                         r  U_RV32I/U_DATAPATH/U_PC/U_PCNEXT_REG/register_reg[5]/C
                         clock pessimism              0.260    15.043    
                         clock uncertainty           -0.035    15.008    
    SLICE_X30Y11         FDCE (Setup_fdce_C_D)        0.077    15.085    U_RV32I/U_DATAPATH/U_PC/U_PCNEXT_REG/register_reg[5]
  -------------------------------------------------------------------
                         required time                         15.085    
                         arrival time                         -14.784    
  -------------------------------------------------------------------
                         slack                                  0.301    

Slack (MET) :             0.301ns  (required time - arrival time)
  Source:                 U_RV32I/U_DATAPATH/U_PC/U_PC_REG/register_reg[2]/C
                            (rising edge-triggered cell FDCE clocked by sys_clk_pin  {rise@0.000ns fall@5.000ns period=10.000ns})
  Destination:            U_RV32I/U_DATAPATH/U_PC/U_PCNEXT_REG/register_reg[21]/D
                            (rising edge-triggered cell FDCE clocked by sys_clk_pin  {rise@0.000ns fall@5.000ns period=10.000ns})
  Path Group:             sys_clk_pin
  Path Type:              Setup (Max at Slow Process Corner)
  Requirement:            10.000ns  (sys_clk_pin rise@10.000ns - sys_clk_pin rise@0.000ns)
  Data Path Delay:        9.643ns  (logic 2.413ns (25.023%)  route 7.230ns (74.977%))
  Logic Levels:           12  (CARRY4=3 LUT2=1 LUT3=1 LUT5=2 LUT6=5)
  Clock Path Skew:        -0.049ns (DCD - SCD + CPR)
    Destination Clock Delay (DCD):    4.775ns = ( 14.775 - 10.000 ) 
    Source Clock Delay      (SCD):    5.084ns
    Clock Pessimism Removal (CPR):    0.260ns
  Clock Uncertainty:      0.035ns  ((TSJ^2 + TIJ^2)^1/2 + DJ) / 2 + PE
    Total System Jitter     (TSJ):    0.071ns
    Total Input Jitter      (TIJ):    0.000ns
    Discrete Jitter          (DJ):    0.000ns
    Phase Error              (PE):    0.000ns

    Location             Delay type                Incr(ns)  Path(ns)    Netlist Resource(s)
  -------------------------------------------------------------------    -------------------
                         (clock sys_clk_pin rise edge)
                                                      0.000     0.000 r  
    W5                                                0.000     0.000 r  clk (IN)
                         net (fo=0)                   0.000     0.000    clk
    W5                   IBUF (Prop_ibuf_I_O)         1.458     1.458 r  clk_IBUF_inst/O
                         net (fo=1, routed)           1.967     3.425    clk_IBUF
    BUFGCTRL_X0Y0        BUFG (Prop_bufg_I_O)         0.096     3.521 r  clk_IBUF_BUFG_inst/O
                         net (fo=1137, routed)        1.563     5.084    U_RV32I/U_DATAPATH/U_PC/U_PC_REG/pclk
    SLICE_X35Y7          FDCE                                         r  U_RV32I/U_DATAPATH/U_PC/U_PC_REG/register_reg[2]/C
  -------------------------------------------------------------------    -------------------
    SLICE_X35Y7          FDCE (Prop_fdce_C_Q)         0.456     5.540 r  U_RV32I/U_DATAPATH/U_PC/U_PC_REG/register_reg[2]/Q
                         net (fo=134, routed)         1.113     6.653    U_INSTRUCTION_MEM/Q[0]
    SLICE_X33Y8          LUT6 (Prop_lut6_I2_O)        0.124     6.777 f  U_INSTRUCTION_MEM/c_state[2]_i_17/O
                         net (fo=1, routed)           0.563     7.340    U_INSTRUCTION_MEM/c_state[2]_i_17_n_0
    SLICE_X31Y8          LUT6 (Prop_lut6_I0_O)        0.124     7.464 f  U_INSTRUCTION_MEM/c_state[2]_i_9/O
                         net (fo=5, routed)           0.461     7.926    U_RV32I/U_DATAPATH/U_PC/U_PC_REG/instr_data[2]
    SLICE_X32Y8          LUT2 (Prop_lut2_I0_O)        0.124     8.050 f  U_RV32I/U_DATAPATH/U_PC/U_PC_REG/register_file_reg_r1_0_31_0_5_i_55/O
                         net (fo=12, routed)          0.683     8.733    U_RV32I/U_DATAPATH/U_PC/U_PC_REG/register_file_reg_r1_0_31_0_5_i_55_n_0
    SLICE_X33Y7          LUT6 (Prop_lut6_I3_O)        0.124     8.857 r  U_RV32I/U_DATAPATH/U_PC/U_PC_REG/i__carry_i_5__0/O
                         net (fo=87, routed)          1.027     9.884    U_RV32I/U_DATAPATH/U_DEC_IMM_EXT/register[31]_i_9
    SLICE_X35Y9          LUT3 (Prop_lut3_I1_O)        0.150    10.034 f  U_RV32I/U_DATAPATH/U_DEC_IMM_EXT/alu_result2_carry__0_i_9/O
                         net (fo=2, routed)           0.481    10.514    U_RV32I/U_DATAPATH/U_DEC_REG_RS1/alurs2_data__0[1]
    SLICE_X29Y9          LUT6 (Prop_lut6_I4_O)        0.326    10.840 r  U_RV32I/U_DATAPATH/U_DEC_REG_RS1/i__carry__0_i_1__0/O
                         net (fo=1, routed)           0.690    11.530    U_RV32I/U_DATAPATH/U_ALU/btaken0_inferred__1/i__carry__1_0[3]
    SLICE_X32Y10         CARRY4 (Prop_carry4_DI[3]_CO[3])
                                                      0.385    11.915 r  U_RV32I/U_DATAPATH/U_ALU/btaken0_inferred__1/i__carry__0/CO[3]
                         net (fo=1, routed)           0.000    11.915    U_RV32I/U_DATAPATH/U_ALU/btaken0_inferred__1/i__carry__0_n_0
    SLICE_X32Y11         CARRY4 (Prop_carry4_CI_CO[3])
                                                      0.114    12.029 r  U_RV32I/U_DATAPATH/U_ALU/btaken0_inferred__1/i__carry__1/CO[3]
                         net (fo=1, routed)           0.000    12.029    U_RV32I/U_DATAPATH/U_ALU/btaken0_inferred__1/i__carry__1_n_0
    SLICE_X32Y12         CARRY4 (Prop_carry4_CI_CO[3])
                                                      0.114    12.143 r  U_RV32I/U_DATAPATH/U_ALU/btaken0_inferred__1/i__carry__2/CO[3]
                         net (fo=1, routed)           1.088    13.231    U_RV32I/U_DATAPATH/U_DEC_IMM_EXT/register[31]_i_2__0_1[0]
    SLICE_X33Y14         LUT5 (Prop_lut5_I0_O)        0.124    13.355 r  U_RV32I/U_DATAPATH/U_DEC_IMM_EXT/register[31]_i_8/O
                         net (fo=1, routed)           0.403    13.758    U_RV32I/U_DATAPATH/U_DEC_IMM_EXT/register[31]_i_8_n_0
    SLICE_X33Y15         LUT5 (Prop_lut5_I2_O)        0.124    13.882 r  U_RV32I/U_DATAPATH/U_DEC_IMM_EXT/register[31]_i_2__0/O
                         net (fo=32, routed)          0.721    14.603    U_RV32I/U_DATAPATH/U_PC/U_PC_REG/register_reg[0]_5
    SLICE_X32Y19         LUT6 (Prop_lut6_I0_O)        0.124    14.727 r  U_RV32I/U_DATAPATH/U_PC/U_PC_REG/register[21]_i_1__1/O
                         net (fo=1, routed)           0.000    14.727    U_RV32I/U_DATAPATH/U_PC/U_PCNEXT_REG/D[21]
    SLICE_X32Y19         FDCE                                         r  U_RV32I/U_DATAPATH/U_PC/U_PCNEXT_REG/register_reg[21]/D
  -------------------------------------------------------------------    -------------------

                         (clock sys_clk_pin rise edge)
                                                     10.000    10.000 r  
    W5                                                0.000    10.000 r  clk (IN)
                         net (fo=0)                   0.000    10.000    clk
    W5                   IBUF (Prop_ibuf_I_O)         1.388    11.388 r  clk_IBUF_inst/O
                         net (fo=1, routed)           1.862    13.250    clk_IBUF
    BUFGCTRL_X0Y0        BUFG (Prop_bufg_I_O)         0.091    13.341 r  clk_IBUF_BUFG_inst/O
                         net (fo=1137, routed)        1.434    14.775    U_RV32I/U_DATAPATH/U_PC/U_PCNEXT_REG/pclk
    SLICE_X32Y19         FDCE                                         r  U_RV32I/U_DATAPATH/U_PC/U_PCNEXT_REG/register_reg[21]/C
                         clock pessimism              0.260    15.035    
                         clock uncertainty           -0.035    15.000    
    SLICE_X32Y19         FDCE (Setup_fdce_C_D)        0.029    15.029    U_RV32I/U_DATAPATH/U_PC/U_PCNEXT_REG/register_reg[21]
  -------------------------------------------------------------------
                         required time                         15.029    
                         arrival time                         -14.727    
  -------------------------------------------------------------------
                         slack                                  0.301    





Min Delay Paths
--------------------------------------------------------------------------------------
Slack (MET) :             0.060ns  (arrival time - required time)
  Source:                 U_APB_MASTER/paddr_reg[2]/C
                            (rising edge-triggered cell FDCE clocked by sys_clk_pin  {rise@0.000ns fall@5.000ns period=10.000ns})
  Destination:            U_APB_BRAM/bmem_reg_256_511_23_23/RAMS64E_A/ADR0
                            (rising edge-triggered cell RAMS64E clocked by sys_clk_pin  {rise@0.000ns fall@5.000ns period=10.000ns})
  Path Group:             sys_clk_pin
  Path Type:              Hold (Min at Fast Process Corner)
  Requirement:            0.000ns  (sys_clk_pin rise@0.000ns - sys_clk_pin rise@0.000ns)
  Data Path Delay:        0.383ns  (logic 0.141ns (36.846%)  route 0.242ns (63.154%))
  Logic Levels:           0  
  Clock Path Skew:        0.013ns (DCD - SCD - CPR)
    Destination Clock Delay (DCD):    1.984ns
    Source Clock Delay      (SCD):    1.471ns
    Clock Pessimism Removal (CPR):    0.500ns

    Location             Delay type                Incr(ns)  Path(ns)    Netlist Resource(s)
  -------------------------------------------------------------------    -------------------
                         (clock sys_clk_pin rise edge)
                                                      0.000     0.000 r  
    W5                                                0.000     0.000 r  clk (IN)
                         net (fo=0)                   0.000     0.000    clk
    W5                   IBUF (Prop_ibuf_I_O)         0.226     0.226 r  clk_IBUF_inst/O
                         net (fo=1, routed)           0.631     0.858    clk_IBUF
    BUFGCTRL_X0Y0        BUFG (Prop_bufg_I_O)         0.026     0.884 r  clk_IBUF_BUFG_inst/O
                         net (fo=1137, routed)        0.588     1.471    U_APB_MASTER/pclk
    SLICE_X7Y16          FDCE                                         r  U_APB_MASTER/paddr_reg[2]/C
  -------------------------------------------------------------------    -------------------
    SLICE_X7Y16          FDCE (Prop_fdce_C_Q)         0.141     1.612 r  U_APB_MASTER/paddr_reg[2]/Q
                         net (fo=178, routed)         0.242     1.854    U_APB_BRAM/bmem_reg_256_511_23_23/A0
    SLICE_X6Y16          RAMS64E                                      r  U_APB_BRAM/bmem_reg_256_511_23_23/RAMS64E_A/ADR0
  -------------------------------------------------------------------    -------------------

                         (clock sys_clk_pin rise edge)
                                                      0.000     0.000 r  
    W5                                                0.000     0.000 r  clk (IN)
                         net (fo=0)                   0.000     0.000    clk
    W5                   IBUF (Prop_ibuf_I_O)         0.414     0.414 r  clk_IBUF_inst/O
                         net (fo=1, routed)           0.685     1.099    clk_IBUF
    BUFGCTRL_X0Y0        BUFG (Prop_bufg_I_O)         0.029     1.128 r  clk_IBUF_BUFG_inst/O
                         net (fo=1137, routed)        0.857     1.984    U_APB_BRAM/bmem_reg_256_511_23_23/WCLK
    SLICE_X6Y16          RAMS64E                                      r  U_APB_BRAM/bmem_reg_256_511_23_23/RAMS64E_A/CLK
                         clock pessimism             -0.500     1.484    
    SLICE_X6Y16          RAMS64E (Hold_rams64e_CLK_ADR0)
                                                      0.310     1.794    U_APB_BRAM/bmem_reg_256_511_23_23/RAMS64E_A
  -------------------------------------------------------------------
                         required time                         -1.794    
                         arrival time                           1.854    
  -------------------------------------------------------------------
                         slack                                  0.060    

Slack (MET) :             0.060ns  (arrival time - required time)
  Source:                 U_APB_MASTER/paddr_reg[2]/C
                            (rising edge-triggered cell FDCE clocked by sys_clk_pin  {rise@0.000ns fall@5.000ns period=10.000ns})
  Destination:            U_APB_BRAM/bmem_reg_256_511_23_23/RAMS64E_B/ADR0
                            (rising edge-triggered cell RAMS64E clocked by sys_clk_pin  {rise@0.000ns fall@5.000ns period=10.000ns})
  Path Group:             sys_clk_pin
  Path Type:              Hold (Min at Fast Process Corner)
  Requirement:            0.000ns  (sys_clk_pin rise@0.000ns - sys_clk_pin rise@0.000ns)
  Data Path Delay:        0.383ns  (logic 0.141ns (36.846%)  route 0.242ns (63.154%))
  Logic Levels:           0  
  Clock Path Skew:        0.013ns (DCD - SCD - CPR)
    Destination Clock Delay (DCD):    1.984ns
    Source Clock Delay      (SCD):    1.471ns
    Clock Pessimism Removal (CPR):    0.500ns

    Location             Delay type                Incr(ns)  Path(ns)    Netlist Resource(s)
  -------------------------------------------------------------------    -------------------
                         (clock sys_clk_pin rise edge)
                                                      0.000     0.000 r  
    W5                                                0.000     0.000 r  clk (IN)
                         net (fo=0)                   0.000     0.000    clk
    W5                   IBUF (Prop_ibuf_I_O)         0.226     0.226 r  clk_IBUF_inst/O
                         net (fo=1, routed)           0.631     0.858    clk_IBUF
    BUFGCTRL_X0Y0        BUFG (Prop_bufg_I_O)         0.026     0.884 r  clk_IBUF_BUFG_inst/O
                         net (fo=1137, routed)        0.588     1.471    U_APB_MASTER/pclk
    SLICE_X7Y16          FDCE                                         r  U_APB_MASTER/paddr_reg[2]/C
  -------------------------------------------------------------------    -------------------
    SLICE_X7Y16          FDCE (Prop_fdce_C_Q)         0.141     1.612 r  U_APB_MASTER/paddr_reg[2]/Q
                         net (fo=178, routed)         0.242     1.854    U_APB_BRAM/bmem_reg_256_511_23_23/A0
    SLICE_X6Y16          RAMS64E                                      r  U_APB_BRAM/bmem_reg_256_511_23_23/RAMS64E_B/ADR0
  -------------------------------------------------------------------    -------------------

                         (clock sys_clk_pin rise edge)
                                                      0.000     0.000 r  
    W5                                                0.000     0.000 r  clk (IN)
                         net (fo=0)                   0.000     0.000    clk
    W5                   IBUF (Prop_ibuf_I_O)         0.414     0.414 r  clk_IBUF_inst/O
                         net (fo=1, routed)           0.685     1.099    clk_IBUF
    BUFGCTRL_X0Y0        BUFG (Prop_bufg_I_O)         0.029     1.128 r  clk_IBUF_BUFG_inst/O
                         net (fo=1137, routed)        0.857     1.984    U_APB_BRAM/bmem_reg_256_511_23_23/WCLK
    SLICE_X6Y16          RAMS64E                                      r  U_APB_BRAM/bmem_reg_256_511_23_23/RAMS64E_B/CLK
                         clock pessimism             -0.500     1.484    
    SLICE_X6Y16          RAMS64E (Hold_rams64e_CLK_ADR0)
                                                      0.310     1.794    U_APB_BRAM/bmem_reg_256_511_23_23/RAMS64E_B
  -------------------------------------------------------------------
                         required time                         -1.794    
                         arrival time                           1.854    
  -------------------------------------------------------------------
                         slack                                  0.060    

Slack (MET) :             0.060ns  (arrival time - required time)
  Source:                 U_APB_MASTER/paddr_reg[2]/C
                            (rising edge-triggered cell FDCE clocked by sys_clk_pin  {rise@0.000ns fall@5.000ns period=10.000ns})
  Destination:            U_APB_BRAM/bmem_reg_256_511_23_23/RAMS64E_C/ADR0
                            (rising edge-triggered cell RAMS64E clocked by sys_clk_pin  {rise@0.000ns fall@5.000ns period=10.000ns})
  Path Group:             sys_clk_pin
  Path Type:              Hold (Min at Fast Process Corner)
  Requirement:            0.000ns  (sys_clk_pin rise@0.000ns - sys_clk_pin rise@0.000ns)
  Data Path Delay:        0.383ns  (logic 0.141ns (36.846%)  route 0.242ns (63.154%))
  Logic Levels:           0  
  Clock Path Skew:        0.013ns (DCD - SCD - CPR)
    Destination Clock Delay (DCD):    1.984ns
    Source Clock Delay      (SCD):    1.471ns
    Clock Pessimism Removal (CPR):    0.500ns

    Location             Delay type                Incr(ns)  Path(ns)    Netlist Resource(s)
  -------------------------------------------------------------------    -------------------
                         (clock sys_clk_pin rise edge)
                                                      0.000     0.000 r  
    W5                                                0.000     0.000 r  clk (IN)
                         net (fo=0)                   0.000     0.000    clk
    W5                   IBUF (Prop_ibuf_I_O)         0.226     0.226 r  clk_IBUF_inst/O
                         net (fo=1, routed)           0.631     0.858    clk_IBUF
    BUFGCTRL_X0Y0        BUFG (Prop_bufg_I_O)         0.026     0.884 r  clk_IBUF_BUFG_inst/O
                         net (fo=1137, routed)        0.588     1.471    U_APB_MASTER/pclk
    SLICE_X7Y16          FDCE                                         r  U_APB_MASTER/paddr_reg[2]/C
  -------------------------------------------------------------------    -------------------
    SLICE_X7Y16          FDCE (Prop_fdce_C_Q)         0.141     1.612 r  U_APB_MASTER/paddr_reg[2]/Q
                         net (fo=178, routed)         0.242     1.854    U_APB_BRAM/bmem_reg_256_511_23_23/A0
    SLICE_X6Y16          RAMS64E                                      r  U_APB_BRAM/bmem_reg_256_511_23_23/RAMS64E_C/ADR0
  -------------------------------------------------------------------    -------------------

                         (clock sys_clk_pin rise edge)
                                                      0.000     0.000 r  
    W5                                                0.000     0.000 r  clk (IN)
                         net (fo=0)                   0.000     0.000    clk
    W5                   IBUF (Prop_ibuf_I_O)         0.414     0.414 r  clk_IBUF_inst/O
                         net (fo=1, routed)           0.685     1.099    clk_IBUF
    BUFGCTRL_X0Y0        BUFG (Prop_bufg_I_O)         0.029     1.128 r  clk_IBUF_BUFG_inst/O
                         net (fo=1137, routed)        0.857     1.984    U_APB_BRAM/bmem_reg_256_511_23_23/WCLK
    SLICE_X6Y16          RAMS64E                                      r  U_APB_BRAM/bmem_reg_256_511_23_23/RAMS64E_C/CLK
                         clock pessimism             -0.500     1.484    
    SLICE_X6Y16          RAMS64E (Hold_rams64e_CLK_ADR0)
                                                      0.310     1.794    U_APB_BRAM/bmem_reg_256_511_23_23/RAMS64E_C
  -------------------------------------------------------------------
                         required time                         -1.794    
                         arrival time                           1.854    
  -------------------------------------------------------------------
                         slack                                  0.060    

Slack (MET) :             0.060ns  (arrival time - required time)
  Source:                 U_APB_MASTER/paddr_reg[2]/C
                            (rising edge-triggered cell FDCE clocked by sys_clk_pin  {rise@0.000ns fall@5.000ns period=10.000ns})
  Destination:            U_APB_BRAM/bmem_reg_256_511_23_23/RAMS64E_D/ADR0
                            (rising edge-triggered cell RAMS64E clocked by sys_clk_pin  {rise@0.000ns fall@5.000ns period=10.000ns})
  Path Group:             sys_clk_pin
  Path Type:              Hold (Min at Fast Process Corner)
  Requirement:            0.000ns  (sys_clk_pin rise@0.000ns - sys_clk_pin rise@0.000ns)
  Data Path Delay:        0.383ns  (logic 0.141ns (36.846%)  route 0.242ns (63.154%))
  Logic Levels:           0  
  Clock Path Skew:        0.013ns (DCD - SCD - CPR)
    Destination Clock Delay (DCD):    1.984ns
    Source Clock Delay      (SCD):    1.471ns
    Clock Pessimism Removal (CPR):    0.500ns

    Location             Delay type                Incr(ns)  Path(ns)    Netlist Resource(s)
  -------------------------------------------------------------------    -------------------
                         (clock sys_clk_pin rise edge)
                                                      0.000     0.000 r  
    W5                                                0.000     0.000 r  clk (IN)
                         net (fo=0)                   0.000     0.000    clk
    W5                   IBUF (Prop_ibuf_I_O)         0.226     0.226 r  clk_IBUF_inst/O
                         net (fo=1, routed)           0.631     0.858    clk_IBUF
    BUFGCTRL_X0Y0        BUFG (Prop_bufg_I_O)         0.026     0.884 r  clk_IBUF_BUFG_inst/O
                         net (fo=1137, routed)        0.588     1.471    U_APB_MASTER/pclk
    SLICE_X7Y16          FDCE                                         r  U_APB_MASTER/paddr_reg[2]/C
  -------------------------------------------------------------------    -------------------
    SLICE_X7Y16          FDCE (Prop_fdce_C_Q)         0.141     1.612 r  U_APB_MASTER/paddr_reg[2]/Q
                         net (fo=178, routed)         0.242     1.854    U_APB_BRAM/bmem_reg_256_511_23_23/A0
    SLICE_X6Y16          RAMS64E                                      r  U_APB_BRAM/bmem_reg_256_511_23_23/RAMS64E_D/ADR0
  -------------------------------------------------------------------    -------------------

                         (clock sys_clk_pin rise edge)
                                                      0.000     0.000 r  
    W5                                                0.000     0.000 r  clk (IN)
                         net (fo=0)                   0.000     0.000    clk
    W5                   IBUF (Prop_ibuf_I_O)         0.414     0.414 r  clk_IBUF_inst/O
                         net (fo=1, routed)           0.685     1.099    clk_IBUF
    BUFGCTRL_X0Y0        BUFG (Prop_bufg_I_O)         0.029     1.128 r  clk_IBUF_BUFG_inst/O
                         net (fo=1137, routed)        0.857     1.984    U_APB_BRAM/bmem_reg_256_511_23_23/WCLK
    SLICE_X6Y16          RAMS64E                                      r  U_APB_BRAM/bmem_reg_256_511_23_23/RAMS64E_D/CLK
                         clock pessimism             -0.500     1.484    
    SLICE_X6Y16          RAMS64E (Hold_rams64e_CLK_ADR0)
                                                      0.310     1.794    U_APB_BRAM/bmem_reg_256_511_23_23/RAMS64E_D
  -------------------------------------------------------------------
                         required time                         -1.794    
                         arrival time                           1.854    
  -------------------------------------------------------------------
                         slack                                  0.060    

Slack (MET) :             0.102ns  (arrival time - required time)
  Source:                 U_APB_MASTER/pwdata_reg[16]/C
                            (rising edge-triggered cell FDCE clocked by sys_clk_pin  {rise@0.000ns fall@5.000ns period=10.000ns})
  Destination:            U_APB_BRAM/bmem_reg_0_255_16_16/RAMS64E_D/I
                            (rising edge-triggered cell RAMS64E clocked by sys_clk_pin  {rise@0.000ns fall@5.000ns period=10.000ns})
  Path Group:             sys_clk_pin
  Path Type:              Hold (Min at Fast Process Corner)
  Requirement:            0.000ns  (sys_clk_pin rise@0.000ns - sys_clk_pin rise@0.000ns)
  Data Path Delay:        0.261ns  (logic 0.141ns (53.979%)  route 0.120ns (46.021%))
  Logic Levels:           0  
  Clock Path Skew:        0.015ns (DCD - SCD - CPR)
    Destination Clock Delay (DCD):    1.959ns
    Source Clock Delay      (SCD):    1.446ns
    Clock Pessimism Removal (CPR):    0.498ns

    Location             Delay type                Incr(ns)  Path(ns)    Netlist Resource(s)
  -------------------------------------------------------------------    -------------------
                         (clock sys_clk_pin rise edge)
                                                      0.000     0.000 r  
    W5                                                0.000     0.000 r  clk (IN)
                         net (fo=0)                   0.000     0.000    clk
    W5                   IBUF (Prop_ibuf_I_O)         0.226     0.226 r  clk_IBUF_inst/O
                         net (fo=1, routed)           0.631     0.858    clk_IBUF
    BUFGCTRL_X0Y0        BUFG (Prop_bufg_I_O)         0.026     0.884 r  clk_IBUF_BUFG_inst/O
                         net (fo=1137, routed)        0.563     1.446    U_APB_MASTER/pclk
    SLICE_X15Y12         FDCE                                         r  U_APB_MASTER/pwdata_reg[16]/C
  -------------------------------------------------------------------    -------------------
    SLICE_X15Y12         FDCE (Prop_fdce_C_Q)         0.141     1.587 r  U_APB_MASTER/pwdata_reg[16]/Q
                         net (fo=16, routed)          0.120     1.707    U_APB_BRAM/bmem_reg_0_255_16_16/D
    SLICE_X12Y12         RAMS64E                                      r  U_APB_BRAM/bmem_reg_0_255_16_16/RAMS64E_D/I
  -------------------------------------------------------------------    -------------------

                         (clock sys_clk_pin rise edge)
                                                      0.000     0.000 r  
    W5                                                0.000     0.000 r  clk (IN)
                         net (fo=0)                   0.000     0.000    clk
    W5                   IBUF (Prop_ibuf_I_O)         0.414     0.414 r  clk_IBUF_inst/O
                         net (fo=1, routed)           0.685     1.099    clk_IBUF
    BUFGCTRL_X0Y0        BUFG (Prop_bufg_I_O)         0.029     1.128 r  clk_IBUF_BUFG_inst/O
                         net (fo=1137, routed)        0.832     1.959    U_APB_BRAM/bmem_reg_0_255_16_16/WCLK
    SLICE_X12Y12         RAMS64E                                      r  U_APB_BRAM/bmem_reg_0_255_16_16/RAMS64E_D/CLK
                         clock pessimism             -0.498     1.461    
    SLICE_X12Y12         RAMS64E (Hold_rams64e_CLK_I)
                                                      0.144     1.605    U_APB_BRAM/bmem_reg_0_255_16_16/RAMS64E_D
  -------------------------------------------------------------------
                         required time                         -1.605    
                         arrival time                           1.707    
  -------------------------------------------------------------------
                         slack                                  0.102    

Slack (MET) :             0.106ns  (arrival time - required time)
  Source:                 U_APB_MASTER/paddr_reg[2]_rep/C
                            (rising edge-triggered cell FDCE clocked by sys_clk_pin  {rise@0.000ns fall@5.000ns period=10.000ns})
  Destination:            U_APB_BRAM/bmem_reg_256_511_26_26/RAMS64E_A/ADR0
                            (rising edge-triggered cell RAMS64E clocked by sys_clk_pin  {rise@0.000ns fall@5.000ns period=10.000ns})
  Path Group:             sys_clk_pin
  Path Type:              Hold (Min at Fast Process Corner)
  Requirement:            0.000ns  (sys_clk_pin rise@0.000ns - sys_clk_pin rise@0.000ns)
  Data Path Delay:        0.429ns  (logic 0.141ns (32.866%)  route 0.288ns (67.134%))
  Logic Levels:           0  
  Clock Path Skew:        0.013ns (DCD - SCD - CPR)
    Destination Clock Delay (DCD):    1.955ns
    Source Clock Delay      (SCD):    1.444ns
    Clock Pessimism Removal (CPR):    0.498ns

    Location             Delay type                Incr(ns)  Path(ns)    Netlist Resource(s)
  -------------------------------------------------------------------    -------------------
                         (clock sys_clk_pin rise edge)
                                                      0.000     0.000 r  
    W5                                                0.000     0.000 r  clk (IN)
                         net (fo=0)                   0.000     0.000    clk
    W5                   IBUF (Prop_ibuf_I_O)         0.226     0.226 r  clk_IBUF_inst/O
                         net (fo=1, routed)           0.631     0.858    clk_IBUF
    BUFGCTRL_X0Y0        BUFG (Prop_bufg_I_O)         0.026     0.884 r  clk_IBUF_BUFG_inst/O
                         net (fo=1137, routed)        0.561     1.444    U_APB_MASTER/pclk
    SLICE_X13Y16         FDCE                                         r  U_APB_MASTER/paddr_reg[2]_rep/C
  -------------------------------------------------------------------    -------------------
    SLICE_X13Y16         FDCE (Prop_fdce_C_Q)         0.141     1.585 r  U_APB_MASTER/paddr_reg[2]_rep/Q
                         net (fo=80, routed)          0.288     1.873    U_APB_BRAM/bmem_reg_256_511_26_26/A0
    SLICE_X14Y17         RAMS64E                                      r  U_APB_BRAM/bmem_reg_256_511_26_26/RAMS64E_A/ADR0
  -------------------------------------------------------------------    -------------------

                         (clock sys_clk_pin rise edge)
                                                      0.000     0.000 r  
    W5                                                0.000     0.000 r  clk (IN)
                         net (fo=0)                   0.000     0.000    clk
    W5                   IBUF (Prop_ibuf_I_O)         0.414     0.414 r  clk_IBUF_inst/O
                         net (fo=1, routed)           0.685     1.099    clk_IBUF
    BUFGCTRL_X0Y0        BUFG (Prop_bufg_I_O)         0.029     1.128 r  clk_IBUF_BUFG_inst/O
                         net (fo=1137, routed)        0.828     1.955    U_APB_BRAM/bmem_reg_256_511_26_26/WCLK
    SLICE_X14Y17         RAMS64E                                      r  U_APB_BRAM/bmem_reg_256_511_26_26/RAMS64E_A/CLK
                         clock pessimism             -0.498     1.457    
    SLICE_X14Y17         RAMS64E (Hold_rams64e_CLK_ADR0)
                                                      0.310     1.767    U_APB_BRAM/bmem_reg_256_511_26_26/RAMS64E_A
  -------------------------------------------------------------------
                         required time                         -1.767    
                         arrival time                           1.873    
  -------------------------------------------------------------------
                         slack                                  0.106    

Slack (MET) :             0.106ns  (arrival time - required time)
  Source:                 U_APB_MASTER/paddr_reg[2]_rep/C
                            (rising edge-triggered cell FDCE clocked by sys_clk_pin  {rise@0.000ns fall@5.000ns period=10.000ns})
  Destination:            U_APB_BRAM/bmem_reg_256_511_26_26/RAMS64E_B/ADR0
                            (rising edge-triggered cell RAMS64E clocked by sys_clk_pin  {rise@0.000ns fall@5.000ns period=10.000ns})
  Path Group:             sys_clk_pin
  Path Type:              Hold (Min at Fast Process Corner)
  Requirement:            0.000ns  (sys_clk_pin rise@0.000ns - sys_clk_pin rise@0.000ns)
  Data Path Delay:        0.429ns  (logic 0.141ns (32.866%)  route 0.288ns (67.134%))
  Logic Levels:           0  
  Clock Path Skew:        0.013ns (DCD - SCD - CPR)
    Destination Clock Delay (DCD):    1.955ns
    Source Clock Delay      (SCD):    1.444ns
    Clock Pessimism Removal (CPR):    0.498ns

    Location             Delay type                Incr(ns)  Path(ns)    Netlist Resource(s)
  -------------------------------------------------------------------    -------------------
                         (clock sys_clk_pin rise edge)
                                                      0.000     0.000 r  
    W5                                                0.000     0.000 r  clk (IN)
                         net (fo=0)                   0.000     0.000    clk
    W5                   IBUF (Prop_ibuf_I_O)         0.226     0.226 r  clk_IBUF_inst/O
                         net (fo=1, routed)           0.631     0.858    clk_IBUF
    BUFGCTRL_X0Y0        BUFG (Prop_bufg_I_O)         0.026     0.884 r  clk_IBUF_BUFG_inst/O
                         net (fo=1137, routed)        0.561     1.444    U_APB_MASTER/pclk
    SLICE_X13Y16         FDCE                                         r  U_APB_MASTER/paddr_reg[2]_rep/C
  -------------------------------------------------------------------    -------------------
    SLICE_X13Y16         FDCE (Prop_fdce_C_Q)         0.141     1.585 r  U_APB_MASTER/paddr_reg[2]_rep/Q
                         net (fo=80, routed)          0.288     1.873    U_APB_BRAM/bmem_reg_256_511_26_26/A0
    SLICE_X14Y17         RAMS64E                                      r  U_APB_BRAM/bmem_reg_256_511_26_26/RAMS64E_B/ADR0
  -------------------------------------------------------------------    -------------------

                         (clock sys_clk_pin rise edge)
                                                      0.000     0.000 r  
    W5                                                0.000     0.000 r  clk (IN)
                         net (fo=0)                   0.000     0.000    clk
    W5                   IBUF (Prop_ibuf_I_O)         0.414     0.414 r  clk_IBUF_inst/O
                         net (fo=1, routed)           0.685     1.099    clk_IBUF
    BUFGCTRL_X0Y0        BUFG (Prop_bufg_I_O)         0.029     1.128 r  clk_IBUF_BUFG_inst/O
                         net (fo=1137, routed)        0.828     1.955    U_APB_BRAM/bmem_reg_256_511_26_26/WCLK
    SLICE_X14Y17         RAMS64E                                      r  U_APB_BRAM/bmem_reg_256_511_26_26/RAMS64E_B/CLK
                         clock pessimism             -0.498     1.457    
    SLICE_X14Y17         RAMS64E (Hold_rams64e_CLK_ADR0)
                                                      0.310     1.767    U_APB_BRAM/bmem_reg_256_511_26_26/RAMS64E_B
  -------------------------------------------------------------------
                         required time                         -1.767    
                         arrival time                           1.873    
  -------------------------------------------------------------------
                         slack                                  0.106    

Slack (MET) :             0.106ns  (arrival time - required time)
  Source:                 U_APB_MASTER/paddr_reg[2]_rep/C
                            (rising edge-triggered cell FDCE clocked by sys_clk_pin  {rise@0.000ns fall@5.000ns period=10.000ns})
  Destination:            U_APB_BRAM/bmem_reg_256_511_26_26/RAMS64E_C/ADR0
                            (rising edge-triggered cell RAMS64E clocked by sys_clk_pin  {rise@0.000ns fall@5.000ns period=10.000ns})
  Path Group:             sys_clk_pin
  Path Type:              Hold (Min at Fast Process Corner)
  Requirement:            0.000ns  (sys_clk_pin rise@0.000ns - sys_clk_pin rise@0.000ns)
  Data Path Delay:        0.429ns  (logic 0.141ns (32.866%)  route 0.288ns (67.134%))
  Logic Levels:           0  
  Clock Path Skew:        0.013ns (DCD - SCD - CPR)
    Destination Clock Delay (DCD):    1.955ns
    Source Clock Delay      (SCD):    1.444ns
    Clock Pessimism Removal (CPR):    0.498ns

    Location             Delay type                Incr(ns)  Path(ns)    Netlist Resource(s)
  -------------------------------------------------------------------    -------------------
                         (clock sys_clk_pin rise edge)
                                                      0.000     0.000 r  
    W5                                                0.000     0.000 r  clk (IN)
                         net (fo=0)                   0.000     0.000    clk
    W5                   IBUF (Prop_ibuf_I_O)         0.226     0.226 r  clk_IBUF_inst/O
                         net (fo=1, routed)           0.631     0.858    clk_IBUF
    BUFGCTRL_X0Y0        BUFG (Prop_bufg_I_O)         0.026     0.884 r  clk_IBUF_BUFG_inst/O
                         net (fo=1137, routed)        0.561     1.444    U_APB_MASTER/pclk
    SLICE_X13Y16         FDCE                                         r  U_APB_MASTER/paddr_reg[2]_rep/C
  -------------------------------------------------------------------    -------------------
    SLICE_X13Y16         FDCE (Prop_fdce_C_Q)         0.141     1.585 r  U_APB_MASTER/paddr_reg[2]_rep/Q
                         net (fo=80, routed)          0.288     1.873    U_APB_BRAM/bmem_reg_256_511_26_26/A0
    SLICE_X14Y17         RAMS64E                                      r  U_APB_BRAM/bmem_reg_256_511_26_26/RAMS64E_C/ADR0
  -------------------------------------------------------------------    -------------------

                         (clock sys_clk_pin rise edge)
                                                      0.000     0.000 r  
    W5                                                0.000     0.000 r  clk (IN)
                         net (fo=0)                   0.000     0.000    clk
    W5                   IBUF (Prop_ibuf_I_O)         0.414     0.414 r  clk_IBUF_inst/O
                         net (fo=1, routed)           0.685     1.099    clk_IBUF
    BUFGCTRL_X0Y0        BUFG (Prop_bufg_I_O)         0.029     1.128 r  clk_IBUF_BUFG_inst/O
                         net (fo=1137, routed)        0.828     1.955    U_APB_BRAM/bmem_reg_256_511_26_26/WCLK
    SLICE_X14Y17         RAMS64E                                      r  U_APB_BRAM/bmem_reg_256_511_26_26/RAMS64E_C/CLK
                         clock pessimism             -0.498     1.457    
    SLICE_X14Y17         RAMS64E (Hold_rams64e_CLK_ADR0)
                                                      0.310     1.767    U_APB_BRAM/bmem_reg_256_511_26_26/RAMS64E_C
  -------------------------------------------------------------------
                         required time                         -1.767    
                         arrival time                           1.873    
  -------------------------------------------------------------------
                         slack                                  0.106    

Slack (MET) :             0.106ns  (arrival time - required time)
  Source:                 U_APB_MASTER/paddr_reg[2]_rep/C
                            (rising edge-triggered cell FDCE clocked by sys_clk_pin  {rise@0.000ns fall@5.000ns period=10.000ns})
  Destination:            U_APB_BRAM/bmem_reg_256_511_26_26/RAMS64E_D/ADR0
                            (rising edge-triggered cell RAMS64E clocked by sys_clk_pin  {rise@0.000ns fall@5.000ns period=10.000ns})
  Path Group:             sys_clk_pin
  Path Type:              Hold (Min at Fast Process Corner)
  Requirement:            0.000ns  (sys_clk_pin rise@0.000ns - sys_clk_pin rise@0.000ns)
  Data Path Delay:        0.429ns  (logic 0.141ns (32.866%)  route 0.288ns (67.134%))
  Logic Levels:           0  
  Clock Path Skew:        0.013ns (DCD - SCD - CPR)
    Destination Clock Delay (DCD):    1.955ns
    Source Clock Delay      (SCD):    1.444ns
    Clock Pessimism Removal (CPR):    0.498ns

    Location             Delay type                Incr(ns)  Path(ns)    Netlist Resource(s)
  -------------------------------------------------------------------    -------------------
                         (clock sys_clk_pin rise edge)
                                                      0.000     0.000 r  
    W5                                                0.000     0.000 r  clk (IN)
                         net (fo=0)                   0.000     0.000    clk
    W5                   IBUF (Prop_ibuf_I_O)         0.226     0.226 r  clk_IBUF_inst/O
                         net (fo=1, routed)           0.631     0.858    clk_IBUF
    BUFGCTRL_X0Y0        BUFG (Prop_bufg_I_O)         0.026     0.884 r  clk_IBUF_BUFG_inst/O
                         net (fo=1137, routed)        0.561     1.444    U_APB_MASTER/pclk
    SLICE_X13Y16         FDCE                                         r  U_APB_MASTER/paddr_reg[2]_rep/C
  -------------------------------------------------------------------    -------------------
    SLICE_X13Y16         FDCE (Prop_fdce_C_Q)         0.141     1.585 r  U_APB_MASTER/paddr_reg[2]_rep/Q
                         net (fo=80, routed)          0.288     1.873    U_APB_BRAM/bmem_reg_256_511_26_26/A0
    SLICE_X14Y17         RAMS64E                                      r  U_APB_BRAM/bmem_reg_256_511_26_26/RAMS64E_D/ADR0
  -------------------------------------------------------------------    -------------------

                         (clock sys_clk_pin rise edge)
                                                      0.000     0.000 r  
    W5                                                0.000     0.000 r  clk (IN)
                         net (fo=0)                   0.000     0.000    clk
    W5                   IBUF (Prop_ibuf_I_O)         0.414     0.414 r  clk_IBUF_inst/O
                         net (fo=1, routed)           0.685     1.099    clk_IBUF
    BUFGCTRL_X0Y0        BUFG (Prop_bufg_I_O)         0.029     1.128 r  clk_IBUF_BUFG_inst/O
                         net (fo=1137, routed)        0.828     1.955    U_APB_BRAM/bmem_reg_256_511_26_26/WCLK
    SLICE_X14Y17         RAMS64E                                      r  U_APB_BRAM/bmem_reg_256_511_26_26/RAMS64E_D/CLK
                         clock pessimism             -0.498     1.457    
    SLICE_X14Y17         RAMS64E (Hold_rams64e_CLK_ADR0)
                                                      0.310     1.767    U_APB_BRAM/bmem_reg_256_511_26_26/RAMS64E_D
  -------------------------------------------------------------------
                         required time                         -1.767    
                         arrival time                           1.873    
  -------------------------------------------------------------------
                         slack                                  0.106    

Slack (MET) :             0.108ns  (arrival time - required time)
  Source:                 U_APB_MASTER/pwdata_reg[16]/C
                            (rising edge-triggered cell FDCE clocked by sys_clk_pin  {rise@0.000ns fall@5.000ns period=10.000ns})
  Destination:            U_APB_BRAM/bmem_reg_512_767_16_16/RAMS64E_D/I
                            (rising edge-triggered cell RAMS64E clocked by sys_clk_pin  {rise@0.000ns fall@5.000ns period=10.000ns})
  Path Group:             sys_clk_pin
  Path Type:              Hold (Min at Fast Process Corner)
  Requirement:            0.000ns  (sys_clk_pin rise@0.000ns - sys_clk_pin rise@0.000ns)
  Data Path Delay:        0.269ns  (logic 0.141ns (52.345%)  route 0.128ns (47.655%))
  Logic Levels:           0  
  Clock Path Skew:        0.017ns (DCD - SCD - CPR)
    Destination Clock Delay (DCD):    1.961ns
    Source Clock Delay      (SCD):    1.446ns
    Clock Pessimism Removal (CPR):    0.498ns

    Location             Delay type                Incr(ns)  Path(ns)    Netlist Resource(s)
  -------------------------------------------------------------------    -------------------
                         (clock sys_clk_pin rise edge)
                                                      0.000     0.000 r  
    W5                                                0.000     0.000 r  clk (IN)
                         net (fo=0)                   0.000     0.000    clk
    W5                   IBUF (Prop_ibuf_I_O)         0.226     0.226 r  clk_IBUF_inst/O
                         net (fo=1, routed)           0.631     0.858    clk_IBUF
    BUFGCTRL_X0Y0        BUFG (Prop_bufg_I_O)         0.026     0.884 r  clk_IBUF_BUFG_inst/O
                         net (fo=1137, routed)        0.563     1.446    U_APB_MASTER/pclk
    SLICE_X15Y12         FDCE                                         r  U_APB_MASTER/pwdata_reg[16]/C
  -------------------------------------------------------------------    -------------------
    SLICE_X15Y12         FDCE (Prop_fdce_C_Q)         0.141     1.587 r  U_APB_MASTER/pwdata_reg[16]/Q
                         net (fo=16, routed)          0.128     1.715    U_APB_BRAM/bmem_reg_512_767_16_16/D
    SLICE_X14Y11         RAMS64E                                      r  U_APB_BRAM/bmem_reg_512_767_16_16/RAMS64E_D/I
  -------------------------------------------------------------------    -------------------

                         (clock sys_clk_pin rise edge)
                                                      0.000     0.000 r  
    W5                                                0.000     0.000 r  clk (IN)
                         net (fo=0)                   0.000     0.000    clk
    W5                   IBUF (Prop_ibuf_I_O)         0.414     0.414 r  clk_IBUF_inst/O
                         net (fo=1, routed)           0.685     1.099    clk_IBUF
    BUFGCTRL_X0Y0        BUFG (Prop_bufg_I_O)         0.029     1.128 r  clk_IBUF_BUFG_inst/O
                         net (fo=1137, routed)        0.834     1.961    U_APB_BRAM/bmem_reg_512_767_16_16/WCLK
    SLICE_X14Y11         RAMS64E                                      r  U_APB_BRAM/bmem_reg_512_767_16_16/RAMS64E_D/CLK
                         clock pessimism             -0.498     1.463    
    SLICE_X14Y11         RAMS64E (Hold_rams64e_CLK_I)
                                                      0.144     1.607    U_APB_BRAM/bmem_reg_512_767_16_16/RAMS64E_D
  -------------------------------------------------------------------
                         required time                         -1.607    
                         arrival time                           1.715    
  -------------------------------------------------------------------
                         slack                                  0.108    





Pulse Width Checks
--------------------------------------------------------------------------------------
Clock Name:         sys_clk_pin
Waveform(ns):       { 0.000 5.000 }
Period(ns):         10.000
Sources:            { clk }

Check Type        Corner  Lib Pin      Reference Pin  Required(ns)  Actual(ns)  Slack(ns)  Location       Pin
Min Period        n/a     BUFG/I       n/a            2.155         10.000      7.845      BUFGCTRL_X0Y0  clk_IBUF_BUFG_inst/I
Min Period        n/a     FDCE/C       n/a            1.000         10.000      9.000      SLICE_X13Y15   U_APB_MASTER/paddr_reg[5]_rep/C
Min Period        n/a     FDCE/C       n/a            1.000         10.000      9.000      SLICE_X5Y12    U_APB_MASTER/paddr_reg[5]_rep__0/C
Min Period        n/a     FDCE/C       n/a            1.000         10.000      9.000      SLICE_X5Y12    U_APB_MASTER/paddr_reg[5]_rep__1/C
Min Period        n/a     FDCE/C       n/a            1.000         10.000      9.000      SLICE_X7Y16    U_APB_MASTER/paddr_reg[6]/C
Min Period        n/a     FDCE/C       n/a            1.000         10.000      9.000      SLICE_X13Y17   U_APB_MASTER/paddr_reg[6]_rep/C
Min Period        n/a     FDCE/C       n/a            1.000         10.000      9.000      SLICE_X5Y9     U_APB_MASTER/paddr_reg[6]_rep__0/C
Min Period        n/a     FDCE/C       n/a            1.000         10.000      9.000      SLICE_X5Y9     U_APB_MASTER/paddr_reg[6]_rep__1/C
Min Period        n/a     FDCE/C       n/a            1.000         10.000      9.000      SLICE_X7Y16    U_APB_MASTER/paddr_reg[7]/C
Min Period        n/a     FDCE/C       n/a            1.000         10.000      9.000      SLICE_X13Y17   U_APB_MASTER/paddr_reg[7]_rep/C
Low Pulse Width   Slow    RAMS64E/CLK  n/a            1.250         5.000       3.750      SLICE_X12Y11   U_APB_BRAM/bmem_reg_512_767_18_18/RAMS64E_A/CLK
Low Pulse Width   Slow    RAMS64E/CLK  n/a            1.250         5.000       3.750      SLICE_X12Y11   U_APB_BRAM/bmem_reg_512_767_18_18/RAMS64E_B/CLK
Low Pulse Width   Slow    RAMS64E/CLK  n/a            1.250         5.000       3.750      SLICE_X8Y13    U_APB_BRAM/bmem_reg_768_1023_20_20/RAMS64E_A/CLK
Low Pulse Width   Slow    RAMS64E/CLK  n/a            1.250         5.000       3.750      SLICE_X8Y13    U_APB_BRAM/bmem_reg_768_1023_20_20/RAMS64E_B/CLK
Low Pulse Width   Slow    RAMS64E/CLK  n/a            1.250         5.000       3.750      SLICE_X8Y13    U_APB_BRAM/bmem_reg_768_1023_20_20/RAMS64E_C/CLK
Low Pulse Width   Slow    RAMS64E/CLK  n/a            1.250         5.000       3.750      SLICE_X8Y13    U_APB_BRAM/bmem_reg_768_1023_20_20/RAMS64E_D/CLK
Low Pulse Width   Slow    RAMS64E/CLK  n/a            1.250         5.000       3.750      SLICE_X14Y13   U_APB_BRAM/bmem_reg_256_511_16_16/RAMS64E_A/CLK
Low Pulse Width   Slow    RAMS64E/CLK  n/a            1.250         5.000       3.750      SLICE_X12Y11   U_APB_BRAM/bmem_reg_512_767_18_18/RAMS64E_C/CLK
Low Pulse Width   Slow    RAMS64E/CLK  n/a            1.250         5.000       3.750      SLICE_X12Y11   U_APB_BRAM/bmem_reg_512_767_18_18/RAMS64E_D/CLK
Low Pulse Width   Slow    RAMS64E/CLK  n/a            1.250         5.000       3.750      SLICE_X14Y13   U_APB_BRAM/bmem_reg_256_511_16_16/RAMS64E_B/CLK
High Pulse Width  Slow    RAMS64E/CLK  n/a            1.250         5.000       3.750      SLICE_X6Y13    U_APB_BRAM/bmem_reg_0_255_0_0/RAMS64E_A/CLK
High Pulse Width  Slow    RAMS64E/CLK  n/a            1.250         5.000       3.750      SLICE_X6Y13    U_APB_BRAM/bmem_reg_0_255_0_0/RAMS64E_B/CLK
High Pulse Width  Slow    RAMS64E/CLK  n/a            1.250         5.000       3.750      SLICE_X6Y13    U_APB_BRAM/bmem_reg_0_255_0_0/RAMS64E_C/CLK
High Pulse Width  Slow    RAMS64E/CLK  n/a            1.250         5.000       3.750      SLICE_X6Y13    U_APB_BRAM/bmem_reg_0_255_0_0/RAMS64E_D/CLK
High Pulse Width  Slow    RAMS64E/CLK  n/a            1.250         5.000       3.750      SLICE_X12Y20   U_APB_BRAM/bmem_reg_0_255_27_27/RAMS64E_A/CLK
High Pulse Width  Slow    RAMS64E/CLK  n/a            1.250         5.000       3.750      SLICE_X12Y20   U_APB_BRAM/bmem_reg_0_255_27_27/RAMS64E_B/CLK
High Pulse Width  Slow    RAMS64E/CLK  n/a            1.250         5.000       3.750      SLICE_X2Y3     U_APB_BRAM/bmem_reg_256_511_14_14/RAMS64E_A/CLK
High Pulse Width  Slow    RAMS64E/CLK  n/a            1.250         5.000       3.750      SLICE_X2Y3     U_APB_BRAM/bmem_reg_256_511_14_14/RAMS64E_B/CLK
High Pulse Width  Slow    RAMS64E/CLK  n/a            1.250         5.000       3.750      SLICE_X12Y6    U_APB_BRAM/bmem_reg_256_511_2_2/RAMS64E_A/CLK
High Pulse Width  Slow    RAMS64E/CLK  n/a            1.250         5.000       3.750      SLICE_X12Y6    U_APB_BRAM/bmem_reg_256_511_2_2/RAMS64E_B/CLK



